Datum	Wtag	Sonntag	Losungsvers	Losungstext	Lehrtextvers	Lehrtext
01.01.2019	Dienstag	Neujahr	2. Mose 23,6	Du sollst das Recht deines Armen in seinem Rechtsstreit nicht beugen.	Lukas 16,19-20	Es war ein reicher Mann, der kleidete sich in Purpur und kostbares Leinen und lebte alle Tage herrlich und in Freuden. Ein Armer aber mit Namen Lazarus lag vor seiner Tür.
02.01.2019	Mittwoch		1. Mose 45,24	Josef sprach zu seinen Brüdern: Zankt nicht auf dem Wege!	Kolosser 3,13	Ertrage einer den andern und vergebt euch untereinander, wenn jemand Klage hat gegen den andern.
03.01.2019	Donnerstag		Psalm 97,10	Der das Leben seiner Getreuen behütet, wird sie retten aus der Hand der Frevler.	1. Petrus 5,10	Der Gott aller Gnade, der euch berufen hat zu seiner ewigen Herrlichkeit in Christus, der wird euch, die ihr eine kleine Zeit leidet, aufrichten, stärken, kräftigen, gründen.
04.01.2019	Freitag		Haggai 1,9	Ihr erwartet wohl viel, aber siehe, es wird wenig; und wenn ihr’s schon heimbringt, so blase ich’s weg. Warum das?, spricht der HERR Zebaoth. Weil mein Haus so wüst dasteht und ein jeder nur eilt, für sein Haus zu sorgen.	Römer 12,11	Seid nicht träge in dem, was ihr tun sollt. Seid brennend im Geist. Dient dem Herrn.
05.01.2019	Samstag		Jesaja 45,23-24	Mir sollen sich alle Knie beugen und alle Zungen schwören und sagen: Im HERRN habe ich Gerechtigkeit und Stärke.	Offenbarung 1,8	Ich bin das A und das O, spricht Gott der Herr, der da ist und der da war und der da kommt, der Allmächtige.
06.01.2019	Sonntag	Epiphanias (Fest der Erscheinung des HEERN)	Psalm 81,14	/Der HERR spricht:/ Wenn doch mein Volk mir gehorsam wäre!	Titus 2,11-12	Es ist erschienen die heilsame Gnade Gottes allen Menschen und erzieht uns, dass wir absagen dem gottlosen Wesen und den weltlichen Begierden und besonnen, gerecht und fromm in dieser Welt leben.
07.01.2019	Montag		Jeremia 9,6	Siehe, ich will mein Volk schmelzen und prüfen.	Jakobus 1,12	Selig ist, wer Anfechtung erduldet; denn nachdem er bewährt ist, wird er die Krone des Lebens empfangen, die Gott verheißen hat denen, die ihn lieb haben.
08.01.2019	Dienstag		Psalm 25,3	Keiner wird zuschanden, der auf dich harret; aber zuschanden werden die leichtfertigen Verächter.	2. Korinther 7,5-6	/Paulus schreibt:/ Allenthalben waren wir bedrängt, von außen Streit, von innen Furcht. Aber Gott, der die Geringen tröstet, der tröstete uns.
09.01.2019	Mittwoch		2. Samuel 7,21	/David betete:/ Um deines Wortes willen und nach deinem Herzen hast du alle diese großen Dinge getan.	1. Johannes 4,9	Darin ist erschienen die Liebe Gottes unter uns, dass Gott seinen eingebornen Sohn gesandt hat in die Welt, damit wir durch ihn leben sollen.
10.01.2019	Donnerstag		Esra 8,31	Die Hand unseres Gottes war über uns, und er errettete uns.	Johannes 10,27-28	/Jesus spricht:/ Meine Schafe hören meine Stimme, und ich kenne sie und sie folgen mir; und ich gebe ihnen das ewige Leben, und sie werden nimmermehr umkommen, und niemand wird sie aus meiner Hand reißen.
11.01.2019	Freitag		Psalm 4,8	Du erfreust mein Herz mehr als zur Zeit, da es Korn und Wein gibt in Fülle.	1. Timotheus 6,17	Den Reichen in dieser Welt gebiete, dass sie nicht stolz seien, auch nicht hoffen auf den unsicheren Reichtum, sondern auf Gott, der uns alles reichlich darbietet, es zu genießen.
12.01.2019	Samstag		5. Mose 18,14	Die Völker hören auf Zeichendeuter und Wahrsager; dir aber hat der HERR, dein Gott, so etwas verwehrt.	Kolosser 1,9-10	/Paulus schreibt:/ Wir lassen nicht ab, für euch zu beten und zu bitten, dass ihr erfüllt werdet mit der Erkenntnis seines Willens in aller geistlichen Weisheit und Einsicht, dass ihr, des Herrn würdig, ihm ganz zu Gefallen lebt und Frucht bringt in jedem guten Werk und wachst in der Erkenntnis Gottes.
13.01.2019	Sonntag	1. Sonntag nach Epiphanias	Jesaja 54,8	Ich habe mein Angesicht im Augenblick des Zorns ein wenig vor dir verborgen, aber mit ewiger Gnade will ich mich deiner erbarmen, spricht der HERR, dein Erlöser.	Römer 2,4	Weißt du nicht, dass dich Gottes Güte zur Buße leitet?
14.01.2019	Montag		Jeremia 24,7	Sie sollen mein Volk sein, und ich will ihr Gott sein; denn sie werden sich von ganzem Herzen zu mir bekehren.	Apostelgeschichte 10,36	Gott hat das Wort dem Volk Israel gesandt und Frieden verkündigt durch Jesus Christus, welcher ist Herr über alles.
15.01.2019	Dienstag		Psalm 22,23	Ich will deinen Namen kundtun meinen Brüdern.	Matthäus 28,8	Die Frauen gingen eilends weg vom Grab mit Furcht und großer Freude und liefen, um es seinen Jüngern zu verkündigen.
16.01.2019	Mittwoch		5. Mose 13,7.9	Wenn dich dein Bruder oder dein Sohn oder deine Tochter oder deine Frau in deinen Armen oder dein Freund, der dir so lieb ist wie dein Leben, heimlich überreden würde und sagen: Lass uns hingehen und andern Göttern dienen, so willige nicht ein.	Galater 5,1	Zur Freiheit hat uns Christus befreit!
17.01.2019	Donnerstag		Josua 5,14	Josua fiel auf sein Angesicht zur Erde nieder, betete an und sprach: Was sagt mein Herr seinem Knecht?	Matthäus 13,16	Selig sind eure Augen, dass sie sehen, und eure Ohren, dass sie hören.
18.01.2019	Freitag		Psalm 18,7	Als mir angst war, rief ich den HERRN an und schrie zu meinem Gott. Da erhörte er meine Stimme.	Matthäus 9,29-30	Jesus berührte ihre Augen und sprach: Euch geschehe nach eurem Glauben! Und ihre Augen wurden geöffnet.
19.01.2019	Samstag		Jesaja 14,27	Der HERR Zebaoth hat’s beschlossen – wer will’s wehren? Und seine Hand ist ausgereckt – wer will sie wenden?	Römer 8,31	Ist Gott für uns, wer kann wider uns sein?
20.01.2019	Sonntag	2. Sonntag nach Epiphanias	Psalm 139,3	Ich gehe oder liege, so bist du um mich und siehst alle meine Wege.	Matthäus 10,29	Verkauft man nicht zwei Sperlinge für einen Groschen? Dennoch fällt keiner von ihnen auf die Erde ohne euren Vater.
21.01.2019	Montag		Psalm 46,8	Der HERR Zebaoth ist mit uns, der Gott Jakobs ist unser Schutz.	2. Thessalonicher 3,3	Der Herr ist treu; der wird euch stärken und bewahren vor dem Bösen.
22.01.2019	Dienstag		5. Mose 30,2.3	Wenn du dich bekehrst zu dem HERRN, deinem Gott, wird er deine Gefangenschaft wenden und sich deiner erbarmen.	Jakobus 4,8-9	Naht euch zu Gott, so naht er sich zu euch. Reinigt die Hände, ihr Sünder, und heiligt eure Herzen, ihr Wankelmütigen.
23.01.2019	Mittwoch		Hesekiel 37,26	Ich will mit ihnen einen Bund des Friedens schließen, der soll ein ewiger Bund mit ihnen sein.	Epheser 2,17	Christus Jesus ist gekommen und hat im Evangelium Frieden verkündigt euch, die ihr fern wart, und Frieden denen, die nahe waren.
24.01.2019	Donnerstag		Jeremia 31,9	Sie werden weinend kommen, aber ich will sie trösten und leiten. Ich will sie zu Wasserbächen führen auf ebenem Wege, auf dem sie nicht straucheln; denn ich bin Israels Vater.	Lukas 19,10	Der Menschensohn ist gekommen, zu suchen und selig zu machen, was verloren ist.
25.01.2019	Freitag		Psalm 104,24	HERR, wie sind deine Werke so groß und viel! Du hast sie alle weise geordnet, und die Erde ist voll deiner Güter.	Matthäus 6,28-29	/Jesus spricht:/ Schaut die Lilien auf dem Feld an, wie sie wachsen: Sie arbeiten nicht, auch spinnen sie nicht. Ich sage euch, dass auch Salomo in aller seiner Herrlichkeit nicht gekleidet gewesen ist wie eine von ihnen.
26.01.2019	Samstag		Jeremia 31,38	Siehe, es kommt die Zeit, spricht der HERR, dass die Stadt für den HERRN wieder gebaut werden wird.	Offenbarung 21,26	Man wird die Herrlichkeit und die Ehre der Völker in die Stadt bringen.
27.01.2019	Sonntag	Lezter Sonntag nach Trinitatis	Psalm 119,116	Erhalte mich nach deinem Wort, dass ich lebe, und lass mich nicht zuschanden werden in meiner Hoffnung.	Offenbarung 3,8	/Christus spricht:/ Siehe, ich habe vor dir eine Tür aufgetan, die niemand zuschließen kann; denn du hast eine kleine Kraft und hast mein Wort bewahrt und hast meinen Namen nicht verleugnet.
28.01.2019	Montag		Psalm 118,15.16	Man singt mit Freuden vom Sieg in den Hütten der Gerechten: Die Rechte des HERRN ist erhöht; die Rechte des HERRN behält den Sieg!	Philipper 4,4	Freuet euch in dem Herrn allewege, und abermals sage ich: Freuet euch!
29.01.2019	Dienstag		Jeremia 14,8	Du bist der Trost Israels und sein Nothelfer. Warum stellst du dich, als wärst du ein Fremdling im Lande und ein Wanderer, der nur über Nacht bleibt?	1. Korinther 13,12	Jetzt erkenne ich stückweise; dann aber werde ich erkennen, gleichwie ich erkannt bin.
30.01.2019	Mittwoch		Psalm 115,12	Der HERR denkt an uns und segnet uns.	Lukas 10,20	Freut euch aber, dass eure Namen im Himmel geschrieben sind.
31.01.2019	Donnerstag		Sprüche 12,18	Wer unvorsichtig herausfährt mit Worten, sticht wie ein Schwert; aber die Zunge der Weisen bringt Heilung.	Jakobus 3,4-5	Siehe, auch die Schiffe, obwohl sie so groß sind und von starken Winden getrieben werden, werden sie doch gelenkt mit einem kleinen Ruder, wohin der will, der es führt. So ist auch die Zunge ein kleines Glied und rechnet sich große Dinge zu.
01.02.2019	Freitag		Psalm 5,2-3	HERR, höre meine Worte, merke auf mein Seufzen! Vernimm mein Schreien; denn ich will zu dir beten.	Markus 9,24	Ich glaube; hilf meinem Unglauben!
02.02.2019	Samstag		Psalm 30,12	Du hast mir meine Klage verwandelt in einen Reigen, du hast mir den Sack der Trauer ausgezogen und mich mit Freude gegürtet.	Lukas 17,15	Einer aber unter ihnen, als er sah, dass er gesund geworden war, kehrte er um und pries Gott mit lauter Stimme.
03.02.2019	Sonntag	5. Sonntag vor der Passionszeit	Jeremia 31,31	Siehe, es kommt die Zeit, spricht der HERR, da will ich mit dem Hause Israel und mit dem Hause Juda einen neuen Bund schließen.	Hebräer 12,22.24	Ihr seid gekommen zu dem Mittler des neuen Bundes, Jesus.
04.02.2019	Montag		Psalm 19,8	Das Gesetz des HERRN ist vollkommen und erquickt die Seele.	Kolosser 2,3	In Christus liegen verborgen alle Schätze der Weisheit und der Erkenntnis.
05.02.2019	Dienstag		Psalm 9,10	Der HERR ist des Armen Schutz, ein Schutz in Zeiten der Not.	Lukas 18,7	Sollte Gott nicht auch Recht schaffen seinen Auserwählten, die zu ihm Tag und Nacht rufen, und sollte er bei ihnen lange warten?
06.02.2019	Mittwoch		Jeremia 22,29	O Land, Land, Land, höre des HERRN Wort!	1. Thessalonicher 5,6	So lasst uns nun nicht schlafen wie die andern, sondern lasst uns wachen und nüchtern sein.
07.02.2019	Donnerstag		Psalm 1,3	Der Gerechte ist wie ein Baum, gepflanzt an den Wasserbächen, der seine Frucht bringt zu seiner Zeit, und seine Blätter verwelken nicht.	Johannes 15,8	Darin wird mein Vater verherrlicht, dass ihr viel Frucht bringt und werdet meine Jünger.
08.02.2019	Freitag		4. Mose 14,19	HERR, so vergib nun die Missetat dieses Volks nach deiner großen Barmherzigkeit.	Matthäus 6,12	Vergib uns unsere Schuld, wie auch wir vergeben unsern Schuldigern.
09.02.2019	Samstag		Psalm 18,36	Du gibst mir den Schild deines Heils, und deine Rechte stärkt mich.	Epheser 6,10	Seid stark in dem Herrn und in der Macht seiner Stärke.
10.02.2019	Sonntag	4. Sonntag vor der Passionszeit	Psalm 38,23	Eile, mir beizustehen, Herr, du meine Hilfe!	Markus 4,38	Jesus war hinten im Boot und schlief auf einem Kissen. Und die Jünger weckten ihn auf und sprachen zu ihm: Meister, fragst du nichts danach, dass wir umkommen?
11.02.2019	Montag		Psalm 16,11	Vor dir ist Freude die Fülle und Wonne zu deiner Rechten ewiglich.	Galater 5,22-23	Der Geist Gottes lässt als Frucht eine Fülle von Gutem wachsen, nämlich: Liebe, Freude und Frieden, Geduld, Freundlichkeit und Güte, Treue, Bescheidenheit und Selbstbeherrschung.
12.02.2019	Dienstag		Daniel 9,9	Bei dir, Herr, unser Gott, ist Barmherzigkeit und Vergebung.	Lukas 6,36	Seid barmherzig, wie auch euer Vater barmherzig ist.
13.02.2019	Mittwoch		Jesaja 63,16	Du, HERR, bist unser Vater; »Unser Erlöser«, das ist von alters her dein Name.	Matthäus 6,9	/Jesus spricht:/ Darum sollt ihr so beten: Unser Vater im Himmel! Dein Name werde geheiligt.
14.02.2019	Donnerstag		Jesaja 46,9	Gedenkt des Vorigen von alters her, denn ich bin Gott, und sonst keiner, ein Gott, dem nichts gleicht.	Hebräer 12,2	Lasst uns aufsehen zu Jesus, dem Anfänger und Vollender des Glaubens.
15.02.2019	Freitag		Hesekiel 36,26	Ich will euch ein neues Herz und einen neuen Geist in euch geben.	Römer 6,18	Befreit von der Sünde, seid ihr in den Dienst der Gerechtigkeit gestellt worden.
16.02.2019	Samstag		Psalm 117,1	Lobt den HERRN, alle Völker! Rühmt ihn, ihr Nationen alle!	Epheser 4,6	Es ist ein Gott und Vater aller, der da ist über allen und durch alle und in allen.
17.02.2019	Sonntag	3. Sonntag vor der Passionszeit – Septuagesimae	Psalm 66,8-9	Lobet ihr Völker, unsern Gott, lasst seinen Ruhm weit erschallen, der unsre Seelen am Leben erhält und lässt unsere Füße nicht gleiten.	Epheser 1,12	Ein Lobpreis seiner Herrlichkeit sollen wir sein – wir alle, die wir durch Christus von Hoffnung erfüllt sind!
18.02.2019	Montag		Hiob 5,18	Gott verletzt und verbindet; er zerschlägt, und seine Hand heilt.	1. Petrus 5,6-7	Demütigt euch nun unter die gewaltige Hand Gottes, damit er euch erhöhe zu seiner Zeit. Alle eure Sorge werft auf ihn; denn er sorgt für euch.
19.02.2019	Dienstag		Psalm 119,81	Meine Seele verlangt nach deinem Heil; ich hoffe auf dein Wort.	Johannes 8,31	/Jesus spricht:/ Wenn ihr bleiben werdet an meinem Wort, so seid ihr wahrhaftig meine Jünger.
20.02.2019	Mittwoch		Psalm 143,6	Ich breite meine Hände aus zu dir, meine Seele dürstet nach dir wie ein dürres Land.	Matthäus 11,28	/Jesus spricht:/ Kommt her zu mir, alle, die ihr mühselig und beladen seid; ich will euch erquicken.
21.02.2019	Donnerstag		Psalm 19,13	Wer kann merken, wie oft er fehlet? Verzeihe mir die verborgenen Sünden!	Johannes 6,37	/Jesus spricht:/ Wer zu mir kommt, den werde ich nicht hinausstoßen.
22.02.2019	Freitag		Jesaja 33,24	Kein Mensch im Land wird noch klagen, er sei von Krankheit und Schwäche geplagt; denn die Schuld des Volkes ist vergeben.	Römer 5,1-2	Durch unsern Herrn Jesus Christus haben wir den Zugang im Glauben zu dieser Gnade, in der wir stehen.
23.02.2019	Samstag		Amos 9,13-14	Siehe, es kommt die Zeit, spricht der HERR, dass man zugleich ackern und ernten, zugleich keltern und säen wird. Und die Berge werden von Most triefen, und alle Hügel werden fruchtbar sein. Ich will die Gefangenschaft meines Volkes Israel wenden, dass sie die verwüsteten Städte wieder aufbauen und bewohnen sollen, dass sie Weinberge pflanzen und Wein davon trinken, Gärten anlegen und Früchte daraus essen.	Offenbarung 22,2	/Der Seher Johannes schreibt:/ Ein Engel zeigte mir auf beiden Seiten des Stromes Bäume des Lebens, die tragen zwölfmal Früchte, jeden Monat bringen sie ihre Frucht, und die Blätter der Bäume dienen zur Heilung der Völker.
24.02.2019	Sonntag	2. Sonntag vor der Passionszeit – Sexagesimae	Psalm 89,2	Ich will singen von der Gnade des HERRN ewiglich und seine Treue verkünden mit meinem Munde für und für.	Johannes 1,16	Von seiner Fülle haben wir alle genommen Gnade um Gnade.
25.02.2019	Montag		Jeremia 50,20	Zur selben Zeit und in jenen Tagen wird man die Missetat Israels suchen, spricht der HERR, aber es wird keine da sein, und die Sünden Judas, aber es wird keine gefunden werden; denn ich will sie vergeben.	Römer 5,11	Wir rühmen uns Gottes durch unsern Herrn Jesus Christus, durch den wir jetzt die Versöhnung empfangen haben.
26.02.2019	Dienstag		3. Mose 19,34	Wie ein Einheimischer soll euch der Fremde gelten, der bei euch lebt.	3. Johannes 1,5-6	/Johannes schreibt:/ Mein Lieber, du handelst treu in dem, was du an den Brüdern tust, zumal an fremden. Sie haben deine Liebe bezeugt vor der Gemeinde; und du wirst gut daran tun, wenn du sie weitergeleitest, wie es würdig ist vor Gott.
27.02.2019	Mittwoch		Hesekiel 34,16	Ich will das Verlorene wieder suchen und das Verirrte zurückbringen. Ich will das Verwundete verbinden und das Schwache stärken.	Matthäus 18,12	/Jesus spricht:/ Was meint ihr? Wenn ein Mensch hundert Schafe hätte und eins unter ihnen sich verirrte: lässt er nicht die neunundneunzig auf den Bergen, geht hin und sucht das verirrte?
28.02.2019	Donnerstag		Jesaja 40,6.8	Alles Fleisch ist Gras, und alle seine Güte ist wie eine Blume auf dem Felde. Das Gras verdorrt, die Blume verwelkt, aber das Wort unseres Gottes bleibt ewiglich.	Matthäus 24,35	/Jesus spricht:/ Himmel und Erde werden vergehen; aber meine Worte werden nicht vergehen.
01.03.2019	Freitag		Jesaja 43,16	Der HERR macht im Meer einen Weg und in starken Wassern Bahn.	Philipper 1,28	Lasst euch in keiner Weise von euren Widersachern einschüchtern.
02.03.2019	Samstag		5. Mose 8,3	Der Mensch lebt nicht vom Brot allein, sondern von allem, was aus dem Mund des HERRN geht.	Johannes 6,63	/Jesus spricht:/ Die Worte, die ich zu euch geredet habe, die sind Geist und sind Leben.
03.03.2019	Sonntag	Sonntag vor der Passionszeit – Estomihi (Sei mir ein starker Fels! Psalm 31,3)	Psalm 109,31	Der HERR steht dem Armen zur Rechten, dass er ihm helfe von denen, die ihn verurteilen.	Johannes 8,7	Als sie nun fortfuhren, Jesus zu fragen, richtete er sich auf und sprach zu ihnen: Wer unter euch ohne Sünde ist, der werfe den ersten Stein auf sie.
04.03.2019	Montag		Psalm 113,5-7	Wer ist wie der HERR, unser Gott, der oben thront in der Höhe, der niederschaut in die Tiefe, auf Himmel und Erde; der den Geringen aufrichtet aus dem Staube?	Philipper 2,6-7	Jesus Christus, der in göttlicher Gestalt war, hielt es nicht für einen Raub, Gott gleich zu sein, sondern entäußerte sich selbst und nahm Knechtsgestalt an, ward den Menschen gleich.
05.03.2019	Dienstag		Sprüche 4,18	Der Gerechten Pfad glänzt wie das Licht am Morgen, das immer heller leuchtet bis zum vollen Tag.	Johannes 8,12	/Jesus spricht:/ Wer mir nachfolgt, der wird nicht wandeln in der Finsternis, sondern wird das Licht des Lebens haben.
06.03.2019	Mittwoch		Psalm 31,17	Lass leuchten dein Antlitz über deinen Knecht; hilf mir durch deine Güte!	Lukas 1,46-48	Meine Seele erhebt den Herrn, und mein Geist freuet sich Gottes, meines Heilandes; denn er hat die Niedrigkeit seiner Magd angesehen.
07.03.2019	Donnerstag		Joel 4,16	Seinem Volk wird der HERR eine Zuflucht sein und eine Burg den Israeliten.	Hebräer 6,18-19	Wir haben unsre Zuflucht dazu genommen, festzuhalten an der angebotenen Hoffnung. Diese haben wir als einen sicheren und festen Anker unsrer Seele.
08.03.2019	Freitag		Jesaja 42,8	Ich, der HERR, das ist mein Name, ich will meine Ehre keinem andern geben noch meinen Ruhm den Götzen.	1. Korinther 8,6	Wir haben nur einen Gott, den Vater, von dem alle Dinge sind und wir zu ihm; und einen Herrn, Jesus Christus, durch den alle Dinge sind und wir durch ihn.
09.03.2019	Samstag		Jeremia 31,28	Gleichwie ich über sie gewacht habe, auszureißen und einzureißen, so will ich über sie wachen, zu bauen und zu pflanzen, spricht der HERR.	1. Thessalonicher 5,9	Gott hat uns nicht dazu bestimmt, dass wir dem Zorn verfallen, sondern dass wir die Rettung erlangen durch unseren Herrn Jesus Christus.
10.03.2019	Sonntag	1. Sonntag der Passionszeit – Invokavit (Er ruft mich an, darum will ich ihn erhören. Psalm 91,15)	Psalm 32,3.4.5	Als ich meine Übertretungen verschweigen wollte, verschmachteten meine Gebeine. Denn deine Hand lag Tag und Nacht schwer auf mir. Darum bekannte ich dir meine Sünde.	Lukas 15,10	So ist Freude vor den Engeln Gottes über einen Sünder, der Buße tut.
11.03.2019	Montag		1. Mose 28,16	Als Jakob von seinem Schlaf aufwachte, sprach er: Fürwahr, der HERR ist an dieser Stätte, und ich wusste es nicht!	2. Korinther 6,2	Jetzt ist sie da, die ersehnte Zeit, jetzt ist er da, der Tag der Rettung.
12.03.2019	Dienstag		5. Mose 5,21	Du sollst nicht begehren deines Nächsten Frau.	Römer 13,10	Die Liebe tut dem Nächsten nichts Böses.
13.03.2019	Mittwoch		Psalm 13,6	Mein Herz freut sich, dass du so gerne hilfst.	Jakobus 5,13	Leidet jemand unter euch, der bete; ist jemand guten Mutes, der singe Psalmen.
14.03.2019	Donnerstag		Psalm 119,63	Ich halte mich zu allen, die dich fürchten und deine Befehle halten.	Kolosser 3,16	Lasst das Wort Christi reichlich unter euch wohnen: Lehrt und ermahnt einander in aller Weisheit.
15.03.2019	Freitag		Jeremia 22,3	Schafft Recht und Gerechtigkeit und errettet den Beraubten von des Frevlers Hand und bedrängt nicht die Fremdlinge, Waisen und Witwen und tut niemand Gewalt an.	Epheser 5,8-9	Wandelt als Kinder des Lichts; die Frucht des Lichts ist lauter Güte und Gerechtigkeit und Wahrheit.
16.03.2019	Samstag		Psalm 11,7	Der HERR ist gerecht und hat Gerechtigkeit lieb.	Matthäus 5,48	Ihr sollt vollkommen sein, wie euer himmlischer Vater vollkommen ist.
17.03.2019	Sonntag	2. Sonntag der Passionszeit – Reminiszere (Gedenke, Herr, an deine Barmherzigkeit! Psalm 25,6)	Jesaja 38,19	Der Vater macht den Kindern deine Treue kund.	Matthäus 19,14	/Jesus spricht:/ Lasset die Kinder und wehret ihnen nicht, zu mir zu kommen; denn solchen gehört das Himmelreich.
18.03.2019	Montag		Jesaja 10,1.2	Weh denen, die unrechtes Urteil schreiben, um die Sache der Armen zu beugen und Gewalt zu üben am Recht der Elenden!	Römer 12,2	Stellt euch nicht dieser Welt gleich, sondern ändert euch durch Erneuerung eures Sinnes, auf dass ihr prüfen könnt, was Gottes Wille ist, nämlich das Gute und Wohlgefällige und Vollkommene.
19.03.2019	Dienstag		Jesaja 49,26	Alles Fleisch soll erfahren, dass ich, der HERR, dein Heiland bin und dein Erlöser.	Matthäus 22,2.10	Das Himmelreich gleicht einem König, der seinem Sohn die Hochzeit ausrichtete. Und die Knechte gingen auf die Straßen hinaus und brachten zusammen alle, die sie fanden, Böse und Gute; und der Hochzeitssaal war voll mit Gästen.
20.03.2019	Mittwoch		2. Mose 24,7	Alles, was der HERR gesagt hat, wollen wir tun und darauf hören.	Matthäus 12,50	/Jesus spricht:/ Wer den Willen tut meines Vaters im Himmel, der ist mir Bruder und Schwester und Mutter.
21.03.2019	Donnerstag		Psalm 146,8	Der HERR richtet auf, die niedergeschlagen sind.	1. Thessalonicher 3,7-8	Wir sind, Brüder und Schwestern, euretwegen getröstet worden in aller unsrer Not und Bedrängnis durch euren Glauben; denn jetzt leben wir auf, wenn ihr fest steht in dem Herrn.
22.03.2019	Freitag		Psalm 90,16	Zeige deinen Knechten deine Werke und deine Herrlichkeit ihren Kindern.	Matthäus 6,26	Seht die Vögel unter dem Himmel an: Sie säen nicht, sie ernten nicht, sie sammeln nicht in die Scheunen; und euer himmlischer Vater ernährt sie doch. Seid ihr denn nicht viel kostbarer als sie?
23.03.2019	Samstag		Psalm 73,24	Du leitest mich nach deinem Rat und nimmst mich am Ende mit Ehren an.	2. Timotheus 4,7-8	/Paulus schreibt:/ Ich habe den guten Kampf gekämpft, ich habe den Lauf vollendet, ich habe Glauben gehalten; hinfort liegt für mich bereit die Krone der Gerechtigkeit, die mir der Herr, der gerechte Richter, an jenem Tag geben wird.
24.03.2019	Sonntag	3. Sonntag der Passionszeit – Okuli (Meine Augen sehen stets auf den Herrn. Psalm 25,15)	Jesaja 38,14	Herr, ich leide Not, tritt für mich ein!	Matthäus 8,14-15	Als Jesus in das Haus des Petrus kam, sah er, dass dessen Schwiegermutter im Fieber lag. Und er nahm ihre Hand, und das Fieber wich von ihr; und sie stand auf und bewirtete ihn.
25.03.2019	Montag		Hesekiel 33,17	Dein Volk spricht: »Der HERR handelt nicht recht«, während doch sie nicht recht handeln.	Johannes 14,15	/Jesus spricht:/ Liebt ihr mich, so werdet ihr meine Gebote halten.
26.03.2019	Dienstag		Psalm 25,7	Gedenke nicht der Sünden meiner Jugend und meiner Übertretungen, gedenke aber meiner nach deiner Barmherzigkeit, HERR, um deiner Güte willen!	Epheser 2,4-5	Gott, der reich ist an Barmherzigkeit, hat in seiner großen Liebe, mit der er uns geliebt hat, auch uns, die wir tot waren in den Sünden, mit Christus lebendig gemacht – aus Gnade seid ihr gerettet.
27.03.2019	Mittwoch		Daniel 10,19	Fürchte dich nicht, du von Gott Geliebter! Friede sei mit dir! Sei getrost, sei getrost!	Johannes 14,27	Frieden lasse ich euch, meinen Frieden gebe ich euch. Nicht gebe ich euch, wie die Welt gibt. Euer Herz erschrecke nicht und fürchte sich nicht.
28.03.2019	Donnerstag		5. Mose 6,16	Ihr sollt den HERRN, euren Gott, nicht versuchen.	Matthäus 6,10	Dein Wille geschehe wie im Himmel so auf Erden.
29.03.2019	Freitag		Micha 5,3	Er wird auftreten und sie weiden in der Kraft des HERRN.	Matthäus 24,30	Die Völker der ganzen Welt werden den Menschensohn auf den Wolken des Himmels mit göttlicher Macht und Herrlichkeit kommen sehen.
30.03.2019	Samstag		2. Mose 23,2	Du sollst der Menge nicht auf dem Weg zum Bösen folgen.	Hebräer 13,1	Bleibt fest in der brüderlichen Liebe.
31.03.2019	Sonntag	4. Sonntag der Passionszeit – Lätare (Freuet euch mit Jerusalem! Jesaja 66,10)	Prediger 5,9	Wer Geld liebt, wird vom Geld niemals satt, und wer Reichtum liebt, wird keinen Nutzen davon haben.	Lukas 12,33-34	Macht euch Geldbeutel, die nicht altern, einen Schatz, der niemals abnimmt, im Himmel, wo sich kein Dieb naht, und den keine Motten fressen. Denn wo euer Schatz ist, da wird auch euer Herz sein.
01.04.2019	Montag		Psalm 10,17	Das Verlangen der Elenden hörst du, HERR; du machst ihr Herz gewiss.	Römer 15,13	Der Gott der Hoffnung erfülle euch mit aller Freude und Frieden im Glauben, dass ihr immer reicher werdet an Hoffnung durch die Kraft des Heiligen Geistes.
02.04.2019	Dienstag		Richter 3,9	Die Israeliten schrien zu dem HERRN, und der HERR erweckte ihnen einen Retter, der sie errettete.	Offenbarung 1,5.6	Jesus Christus ist der treue Zeuge, der Erstgeborene von den Toten und Fürst der Könige auf Erden! Ihm, der uns liebt und uns erlöst hat von unsern Sünden mit seinem Blut, sei Ehre und Gewalt von Ewigkeit zu Ewigkeit!
03.04.2019	Mittwoch		2. Mose 15,11	HERR, wer ist dir gleich unter den Göttern? Wer ist dir gleich, der so herrlich und heilig ist, schrecklich, löblich und wundertätig?	1. Johannes 5,20.21	Wir wissen aber, dass der Sohn Gottes gekommen ist und uns Einsicht gegeben hat, damit wir den Wahrhaftigen erkennen. Kinder, hütet euch vor den Götzen!
04.04.2019	Donnerstag		Hesekiel 37,11-12	Siehe, jetzt sprechen sie: Unsere Gebeine sind verdorrt, und unsere Hoffnung ist verloren, und es ist aus mit uns. Darum weissage und sprich zu ihnen: So spricht Gott der HERR: Siehe, ich will eure Gräber auftun und hole euch, mein Volk, aus euren Gräbern herauf.	Johannes 5,25	/Jesus spricht:/ Es kommt die Stunde und ist schon jetzt, dass die Toten hören werden die Stimme des Sohnes Gottes, und die sie hören werden, die werden leben.
05.04.2019	Freitag		1. Mose 32,27	Ich lasse dich nicht, du segnest mich denn.	Matthäus 9,20-22	Und siehe, eine Frau, die seit zwölf Jahren den Blutfluss hatte, trat von hinten an ihn heran und berührte den Saum seines Gewandes. Denn sie sprach bei sich selbst: Wenn ich nur sein Gewand berühre, so werde ich gesund. Da wandte sich Jesus um und sah sie und sprach: Sei getrost, meine Tochter, dein Glaube hat dir geholfen. Und die Frau wurde gesund zu derselben Stunde.
06.04.2019	Samstag		Hiob 42,2	Ich erkenne, HERR, dass du alles vermagst, und nichts, das du dir vorgenommen, ist dir zu schwer.	Matthäus 8,8	/Der Hauptmann sprach zu Jesus:/ Herr, ich bin nicht wert, dass du unter mein Dach gehst, sondern sprich nur ein Wort, so wird mein Knecht gesund.
07.04.2019	Sonntag	5. Sonntag der Passionszeit – Judika (Schaffe mir Recht, Gott! Psalm 43,1)	Psalm 84,3	Mein Leib und Seele freuen sich in dem lebendigen Gott.	Johannes 15,9.11	/Jesus spricht:/ Bleibt in meiner Liebe! Das habe ich euch gesagt, auf dass meine Freude in euch sei und eure Freude vollkommen werde.
08.04.2019	Montag		Psalm 130,6	Meine Seele wartet auf den Herrn mehr als die Wächter auf den Morgen.	Judas 1,20-21	Meine Lieben, baut euer Leben auf eurem allerheiligsten Glauben und betet im Heiligen Geist, und bewahrt euch in der Liebe Gottes und wartet auf die Barmherzigkeit unseres Herrn Jesus Christus.
09.04.2019	Dienstag		Sacharja 9,8	/So spricht der Herr:/ Ich will mich selbst als Wache um mein Haus lagern.	Matthäus 16,18	/Jesus spricht zu Petrus:/ Die Pforten der Hölle sollen meine Gemeinde nicht überwältigen.
10.04.2019	Mittwoch		Jesaja 45,12	Ich bin’s, dessen Hände den Himmel ausgebreitet haben und der seinem ganzen Heer geboten hat.	Kolosser 1,16	In Christus ist alles geschaffen, was im Himmel und auf Erden ist, das Sichtbare und das Unsichtbare, es seien Throne oder Herrschaften oder Mächte oder Gewalten; es ist alles durch ihn und zu ihm geschaffen.
11.04.2019	Donnerstag		Psalm 25,8	Der HERR ist gut und gerecht; darum weist er Sündern den Weg.	Matthäus 18,21-22	Petrus trat zu Jesus und sprach: Herr, wie oft muss ich denn meinem Bruder, der an mir sündigt, vergeben? Ist’s genug siebenmal? Jesus sprach zu ihm: Ich sage dir: nicht siebenmal, sondern siebzigmal siebenmal.
12.04.2019	Freitag		Psalm 71,20-21	Gott, du holst mich wieder herauf aus den Tiefen der Erde. Du machst mich sehr groß und tröstest mich wieder.	Matthäus 18,14	Es ist nicht der Wille bei eurem Vater im Himmel, dass auch nur eines von diesen Kleinen verloren werde.
13.04.2019	Samstag		Sprüche 15,1	Eine linde Antwort stillt den Zorn; aber ein hartes Wort erregt Grimm.	Matthäus 5,9	Selig sind, die Frieden stiften; denn sie werden Gottes Kinder heißen.
14.04.2019	Sonntag	6. Sonntag der Passionszeit – Palmsonntag	5. Mose 26,15	Sieh nun herab von deiner heiligen Wohnung, vom Himmel, und segne dein Volk Israel.	Lukas 1,54	Er gedenkt der Barmherzigkeit und hilft seinem Diener Israel auf.
15.04.2019	Montag		Psalm 85,7	Bist du nicht der, der uns das Leben wiedergeben kann, dass dein Volk sich deiner freut?	Johannes 16,22	/Jesus spricht:/ Ihr habt nun Traurigkeit; aber ich will euch wiedersehen, und euer Herz soll sich freuen, und eure Freude soll niemand von euch nehmen.
16.04.2019	Dienstag		Psalm 69,6	Gott, du kennst meine Torheit, und meine Schuld ist dir nicht verborgen.	Matthäus 6,13	Erlöse uns von dem Bösen.
17.04.2019	Mittwoch		2. Samuel 23,3-4	Wer gerecht herrscht unter den Menschen, wer herrscht in der Furcht Gottes, der ist wie das Licht des Morgens, wenn die Sonne aufgeht.	Matthäus 5,14	Ihr seid das Licht der Welt. Es kann die Stadt, die auf einem Berge liegt, nicht verborgen sein.
18.04.2019	Donnerstag	Gründonnerstag	1. Samuel 16,7	Ein Mensch sieht, was vor Augen ist; der HERR aber sieht das Herz an.	Lukas 22,61-62	Der Herr wandte sich und sah Petrus an. Und Petrus gedachte an des Herrn Wort, wie er zu ihm gesagt hatte: Ehe heute der Hahn kräht, wirst du mich dreimal verleugnen. Und Petrus ging hinaus und weinte bitterlich.
19.04.2019	Freitag	Karfreitag	1. Mose 41,52	Gott hat mich wachsen lassen in dem Lande meines Elends.	Lukas 23,42-43	/Einer der Übeltäter, die am Kreuz hingen, sprach:/ Jesus, gedenke an mich, wenn du in dein Reich kommst! Und Jesus sprach zu ihm: Wahrlich, ich sage dir: Heute wirst du mit mir im Paradies sein.
20.04.2019	Samstag		5. Mose 6,4	Höre, Israel, der HERR ist unser Gott, der HERR ist einer.	Johannes 17,3	Das ist das ewige Leben, dass sie dich, der du allein wahrer Gott bist, und den du gesandt hast, Jesus Christus, erkennen.
21.04.2019	Sonntag	Osterfest	Jesaja 45,9	Weh dem, der mit seinem Schöpfer hadert, eine Scherbe unter irdenen Scherben! Spricht denn der Ton zu seinem Töpfer: Was machst du?	2. Korinther 5,17	Ist jemand in Christus, so ist er eine neue Kreatur; das Alte ist vergangen, siehe, Neues ist geworden.
22.04.2019	Montag	Ostermontag	Jesaja 2,2.4	Zur letzten Zeit wird kein Volk wider das andere das Schwert erheben, und sie werden hinfort nicht mehr lernen, Krieg zu führen.	Johannes 20,21	Friede sei mit euch! Wie mich der Vater gesandt hat, so sende ich euch.
23.04.2019	Dienstag		5. Mose 32,36	Der HERR wird seinem Volk Recht schaffen, und über seine Knechte wird er sich erbarmen.	Lukas 18,8	/Jesus spricht:/ Ich sage euch: Gott wird seinen Auserwählten Recht schaffen in Kürze. Doch wenn der Menschensohn kommen wird, wird er dann Glauben finden auf Erden?
24.04.2019	Mittwoch		Psalm 141,8	Auf dich, HERR, sehen meine Augen; ich traue auf dich, gib mich nicht in den Tod dahin.	Johannes 20,20	Jesus zeigte ihnen die Hände und seine Seite. Da wurden die Jünger froh, dass sie den Herrn sahen.
25.04.2019	Donnerstag		Psalm 90,14	Fülle uns frühe mit deiner Gnade, so wollen wir rühmen und fröhlich sein unser Leben lang.	Epheser 1,3	Gelobt sei Gott, der Vater unseres Herrn Jesus Christus, der uns gesegnet hat mit allem geistlichen Segen im Himmel durch Christus.
26.04.2019	Freitag		Jesaja 55,2	Der HERR spricht: Warum zählt ihr Geld dar für das, was kein Brot ist, und euren sauren Verdienst für das, was nicht satt macht? Hört doch auf mich, so werdet ihr Gutes essen.	Johannes 6,27	Müht euch nicht um Speise, die vergänglich ist, sondern um Speise, die da bleibt zum ewigen Leben. Dies wird euch der Menschensohn geben; denn auf ihm ist das Siegel Gottes des Vaters.
27.04.2019	Samstag		Esra 8,21	Wir demütigen uns vor unserm Gott, um von ihm den rechten Weg zu erbitten.	Johannes 14,6	/Jesus spricht:/ Ich bin der Weg und die Wahrheit und das Leben; niemand kommt zum Vater denn durch mich.
28.04.2019	Sonntag	1. Sonntag nach Ostern – Quasimodogeniti (Wie die neugeborenen Kindlein. 1.Petrus 2,2)	5. Mose 32,39	Sehet, dass ich’s allein bin und ist kein Gott neben mir! Ich kann töten und lebendig machen, ich kann schlagen und kann heilen, und niemand kann aus meiner Hand reißen.	Matthäus 19,24-26	/Jesus spricht:/ Ich sage euch: Es ist leichter, dass ein Kamel durch ein Nadelöhr gehe, als dass ein Reicher ins Reich Gottes komme. Da das die Jünger hörten, entsetzten sie sich sehr und sprachen: Ja, wer kann dann selig werden? Jesus aber sah sie an und sprach zu ihnen: Bei den Menschen ist’s unmöglich; aber bei Gott sind alle Dinge möglich.
29.04.2019	Montag		Prediger 12,14	Gott wird alle Werke vor Gericht bringen, alles, was verborgen ist, es sei gut oder böse.	Matthäus 5,8	Selig sind, die reinen Herzens sind; denn sie werden Gott schauen.
30.04.2019	Dienstag		3. Mose 25,17	Es übervorteile keiner seinen Nächsten, sondern fürchte dich vor deinem Gott.	Johannes 13,15	/Jesus spricht:/ Ein Beispiel habe ich euch gegeben, damit ihr tut, wie ich euch getan habe.
01.05.2019	Mittwoch		Prediger 3,22	Es gibt nichts Besseres, als dass der Mensch sich freut bei seinem Tun, denn das ist sein Teil.	Kolosser 1,12	Mit Freuden sagt Dank dem Vater, der euch tüchtig gemacht hat zu dem Erbteil der Heiligen im Licht.
02.05.2019	Donnerstag		3. Mose 19,32	Vor einem grauen Haupt sollst du aufstehen und die Alten ehren.	Philipper 2,3	Tut nichts aus Eigennutz oder um eitler Ehre willen, sondern in Demut achte einer den andern höher als sich selbst.
03.05.2019	Freitag		Hesekiel 20,41.42	Ich werde mich an euch als heilig erweisen vor den Augen der Nationen. Und ihr werdet erkennen, dass ich der HERR bin, wenn ich euch auf Israels Boden bringe, in das Land, das euren Vorfahren zu geben ich meine Hand erhoben habe.	Matthäus 28,20	Ich bin bei euch alle Tage bis an der Welt Ende.
04.05.2019	Samstag		Psalm 60,14	Mit Gott wollen wir Taten tun.	Kolosser 3,17	Alles, was ihr tut mit Worten oder mit Werken, das tut alles im Namen des Herrn Jesus und dankt Gott, dem Vater, durch ihn.
05.05.2019	Sonntag	2. Sonntag nach Ostern – Miserikordias Domini (Die Erde ist voll der Güte des HERRN. Psalm 33,5)	2. Mose 33,11	Der HERR redete mit Mose von Angesicht zu Angesicht, wie ein Mann mit seinem Freunde redet.	Lukas 24,32	Die Jünger sprachen untereinander: Brannte nicht unser Herz in uns, da er mit uns redete auf dem Wege und uns die Schrift öffnete?
06.05.2019	Montag		Jeremia 50,5	Kommt, wir wollen uns dem HERRN zuwenden zu einem ewigen Bunde, der nimmermehr vergessen werden soll!	Johannes 6,68	Herr, wohin sollen wir gehen? Du hast Worte des ewigen Lebens.
07.05.2019	Dienstag		1. Samuel 30,6	David wusste sich stark durch den HERRN, seinen Gott.	Philemon 1,4.6	/Paulus schreibt an Philemon:/ Ich danke meinem Gott allezeit, wenn ich deiner gedenke in meinen Gebeten, dass dein Glaube, den wir miteinander haben, kräftig werde in Erkenntnis all des Guten bei uns, auf Christus hin.
08.05.2019	Mittwoch		5. Mose 1,31	Du hast gesehen, wie dich der HERR, dein Gott, getragen hat, wie ein Mann seinen Sohn trägt, auf dem ganzen Wege, den ihr gewandert seid.	1. Johannes 4,16	Wir haben erkannt und geglaubt die Liebe, die Gott zu uns hat.
09.05.2019	Donnerstag		Psalm 39,2	Ich habe mir vorgenommen: Ich will mich hüten, dass ich nicht sündige mit meiner Zunge.	Jakobus 1,19	Ein jeder Mensch sei schnell zum Hören, langsam zum Reden, langsam zum Zorn.
10.05.2019	Freitag		1. Mose 24,7	Der HERR wird seinen Engel vor dir her senden.	Matthäus 28,5.7	Der Engel sprach zu den Frauen: Fürchtet euch nicht! Ich weiß, dass ihr Jesus, den Gekreuzigten, sucht. Geht eilends hin und sagt seinen Jüngern: Er ist auferstanden von den Toten. Und siehe, er geht vor euch hin nach Galiläa; da werdet ihr ihn sehen.
11.05.2019	Samstag		4. Mose 6,26	Der HERR hebe sein Angesicht über dich und gebe dir Frieden.	Philipper 4,7	Der Friede Gottes, der höher ist als alle Vernunft, wird eure Herzen und Sinne in Christus Jesus bewahren.
12.05.2019	Sonntag	3. Sonntag nach Ostern – Jubilate (Jauchzet Gott, alle Lande! Psalm 66,1)	Nahum 1,7	Der HERR ist gütig und eine Feste zur Zeit der Not und kennt, die auf ihn trauen.	2. Korinther 4,8	Wir sind von allen Seiten bedrängt, aber wir ängstigen uns nicht. Uns ist bange, aber wir verzagen nicht.
13.05.2019	Montag		Maleachi 1,11	Vom Aufgang der Sonne bis hin zu ihrem Untergang ist mein Name groß bei den Nationen, spricht der HERR.	Philipper 2,11	Alle Zungen sollen bekennen, dass Jesus Christus der Herr ist, zur Ehre Gottes, des Vaters.
14.05.2019	Dienstag		Rut 2,12	/Boas sprach zu Rut:/ Du bist gekommen zu dem HERRN, dass du unter seinen Flügeln Zuflucht hättest.	Römer 16,1-2	/Paulus schreibt:/ Ich empfehle euch unsere Schwester Phöbe, die den Dienst an der Gemeinde von Kenchreä versieht, dass ihr sie aufnehmt in dem Herrn, wie sich’s ziemt für die Heiligen, und ihr beisteht in jeder Sache, in der sie euch braucht.
15.05.2019	Mittwoch		Jesaja 59,12-13	Unsre Abtrünnigkeit steht uns vor Augen, und wir kennen unsre Sünden: abtrünnig sein und den HERRN verleugnen.	1. Johannes 1,9	Wenn wir unsre Sünden bekennen, so ist er treu und gerecht, dass er uns die Sünden vergibt und reinigt uns von aller Ungerechtigkeit.
16.05.2019	Donnerstag		Jesaja 28,29	Des HERRN Rat ist wunderbar, und er führt es herrlich hinaus.	Matthäus 21,42	Jesus sprach zu ihnen: Habt ihr nie gelesen in der Schrift: »Der Stein, den die Bauleute verworfen haben, der ist zum Eckstein geworden«?
17.05.2019	Freitag		Psalm 91,11-12	Der HERR hat seinen Engeln befohlen, dass sie dich behüten auf allen deinen Wegen, dass sie dich auf den Händen tragen und du deinen Fuß nicht an einen Stein stoßest.	Hebräer 1,14	Sind die Engel nicht alle dienende Geister, ausgesandt zum Dienst um derer willen, die das Heil erben werden?
18.05.2019	Samstag		Richter 2,10	Als jene ganze Generation zu ihren Vorfahren versammelt worden war, kam nach ihnen eine andere Generation, die weder vom HERRN wusste, noch von dem Werk, das er für Israel getan hatte.	2. Timotheus 2,8	Halt im Gedächtnis Jesus Christus, der auferstanden ist von den Toten.
19.05.2019	Sonntag	4. Sonntag nach Ostern – Kantate (Singet dem HERRN ein neues Lied! Psalm 98,1)	Hiob 31,4	Sieht Gott nicht meine Wege und zählt alle meine Schritte?	Hebräer 4,13	Kein Geschöpf ist vor ihm verborgen, sondern es ist alles bloß und aufgedeckt vor den Augen Gottes, dem wir Rechenschaft geben müssen.
20.05.2019	Montag		5. Mose 10,21	Der HERR ist dein Ruhm, und er ist dein Gott.	Offenbarung 22,13	/Jesus Christus spricht:/ Ich bin das A und das O, der Erste und der Letzte, der Anfang und das Ende.
21.05.2019	Dienstag		Psalm 31,6	In deine Hände befehle ich meinen Geist; du hast mich erlöst, HERR, du treuer Gott.	Römer 8,2	Das Gesetz des Geistes, der lebendig macht in Christus Jesus, hat dich frei gemacht von dem Gesetz der Sünde und des Todes.
22.05.2019	Mittwoch		Jesaja 25,9	Das ist der HERR, auf den wir hofften; lasst uns jubeln und fröhlich sein über sein Heil.	Lukas 1,68	Gelobt sei der Herr, der Gott Israels! Denn er hat besucht und erlöst sein Volk.
23.05.2019	Donnerstag		Jeremia 15,16	Dein Wort ist meines Herzens Freude und Trost; denn ich bin ja nach deinem Namen genannt, HERR, Gott Zebaoth.	Lukas 11,28	Selig sind, die das Wort Gottes hören und bewahren.
24.05.2019	Freitag		4. Mose 23,19	Gott ist nicht ein Mensch, dass er lüge, noch ein Menschenkind, dass ihn etwas gereue.	Hebräer 1,3	Er trägt alle Dinge mit seinem kräftigen Wort.
25.05.2019	Samstag		Psalm 81,2	Singet fröhlich Gott, der unsre Stärke ist!	1. Korinther 14,15	/Paulus schreibt:/ Ich will beten mit dem Geist und will auch beten mit dem Verstand; ich will Psalmen singen mit dem Geist und will auch Psalmen singen mit dem Verstand.
26.05.2019	Sonntag	5. Sonntag nach Ostern – Rogate (Betet!)	Psalm 116,1	Das ist mir lieb, dass der HERR meine Stimme und mein Flehen hört.	Matthäus 6,6	Wenn du betest, so geh in dein Kämmerlein und schließ die Tür zu und bete zu deinem Vater, der im Verborgenen ist; und dein Vater, der in das Verborgene sieht, wird dir’s vergelten.
27.05.2019	Montag		Psalm 18,50	Ich will dich preisen und deinen Ruhm besingen unter den Völkern.	Apostelgeschichte 4,20	Wir können’s ja nicht lassen, von dem zu reden, was wir gesehen und gehört haben.
28.05.2019	Dienstag		Psalm 95,1	Kommt herzu, lasst uns dem HERRN frohlocken und jauchzen dem Hort unsres Heils!	Apostelgeschichte 2,46-47	Sie waren täglich einmütig beieinander im Tempel und brachen das Brot hier und dort in den Häusern, hielten die Mahlzeiten mit Freude und lauterem Herzen und lobten Gott und fanden Wohlwollen beim ganzen Volk.
29.05.2019	Mittwoch		Psalm 33,11	Der Ratschluss des HERRN bleibt ewig bestehen.	Apostelgeschichte 20,32	/Paulus sprach:/ Und nun befehle ich euch Gott und dem Wort seiner Gnade, der da mächtig ist, euch zu erbauen und zu geben das Erbe mit allen, die geheiligt sind.
30.05.2019	Donnerstag	Christi Himmelfahrt	Psalm 16,10	Du wirst meine Seele nicht dem Tode lassen.	Hebräer 7,25	Jesus kann für immer retten, die durch ihn zu Gott kommen, weil er ja allezeit lebt, um für sie einzutreten.
31.05.2019	Freitag		Psalm 71,18	Auch verlass mich nicht, Gott, im Alter, wenn ich grau werde, bis ich deine Macht verkündige Kindeskindern und deine Kraft allen, die noch kommen sollen.	2. Korinther 4,16	Darum werden wir nicht müde; sondern wenn auch unser äußerer Mensch verfällt, so wird doch der innere von Tag zu Tag erneuert.
01.06.2019	Samstag		Psalm 111,2	Groß sind die Werke des HERRN; wer sie erforscht, der hat Freude daran.	Epheser 1,17	Der Gott unseres Herrn Jesus Christus, der Vater der Herrlichkeit, gebe euch den Geist der Weisheit und der Offenbarung, ihn zu erkennen.
02.06.2019	Sonntag	6. Sonntag nach Ostern – Exaudi (HERR, höre meine Stimme! Psalm 27,7)	Psalm 100,3	Der HERR hat uns gemacht und nicht wir selbst zu seinem Volk und zu Schafen seiner Weide.	Johannes 15,16	Nicht ihr habt mich erwählt, sondern ich habe euch erwählt und bestimmt, dass ihr hingeht und Frucht bringt.
03.06.2019	Montag		Klagelieder 5,21	Bringe uns, HERR, zu dir zurück, dass wir wieder heimkommen; erneure unsre Tage wie vor alters!	Johannes 14,16-17	/Jesus spricht:/ Ich will den Vater bitten und er wird euch einen andern Tröster geben, dass er bei euch sei in Ewigkeit: den Geist der Wahrheit.
04.06.2019	Dienstag		2. Mose 14,14	Der HERR wird für euch streiten, und ihr werdet stille sein.	Römer 8,37	In dem allen überwinden wir weit durch den, der uns geliebt hat.
05.06.2019	Mittwoch		Jesaja 30,15	Durch Stillesein und Vertrauen würdet ihr stark sein.	Matthäus 6,27	Wer von euch vermag durch Sorgen seiner Lebenszeit auch nur eine Elle hinzuzufügen?
06.06.2019	Donnerstag		Hiob 28,28	Siehe, die Furcht des Herrn, das ist Weisheit, und meiden das Böse, das ist Einsicht.	1. Korinther 7,15	Zum Frieden hat euch Gott berufen.
07.06.2019	Freitag		5. Mose 4,9	Hüte dich nur und bewahre deine Seele gut, dass du nicht vergisst, was deine Augen gesehen haben.	Offenbarung 3,11	Halte, was du hast, dass niemand deine Krone nehme!
08.06.2019	Samstag		2. Chronik 30,9	Der HERR, euer Gott, ist gnädig und barmherzig und wird sein Angesicht nicht von euch wenden, wenn ihr euch zu ihm bekehrt.	Apostelgeschichte 3,19-20	Tut nun Buße und bekehrt euch, dass eure Sünden getilgt werden, auf dass Zeiten der Erquickung komme von dem Angesicht des Herrn.
09.06.2019	Sonntag	Pfingstfest	Jeremia 10,24	Weise mich zurecht, HERR, aber im Gerichtsverfahren, nicht in deinem Zorn, damit du mich nicht auslöschst.	Johannes 16,8	Wenn der Fürsprecher kommt, wird er die Welt überführen und aufdecken, was Sünde, Gerechtigkeit und Gericht ist.
10.06.2019	Montag	Pfingstmontag	2. Mose 15,18	Der HERR wird König sein immer und ewig.	Lukas 19,37-38	Die ganze Menge der Jünger fing an, mit Freuden Gott zu loben mit lauter Stimme über alle Taten, die sie gesehen hatten, und sprachen: Gelobt sei, der da kommt, der König, in dem Namen des Herrn! Friede sei im Himmel und Ehre in der Höhe!
11.06.2019	Dienstag		Psalm 94,11	Der HERR kennt die Gedanken der Menschen: sie sind nur ein Hauch!	Philipper 3,10	Christus möchte ich erkennen und die Kraft seiner Auferstehung.
12.06.2019	Mittwoch		Jesaja 66,19	Ich will einige von ihnen, die errettet sind, zu den Völkern senden, wo man nichts von mir gehört hat; und sie sollen meine Herrlichkeit unter den Völkern verkündigen.	Matthäus 28,18-20	/Jesus spricht:/ Mir ist gegeben alle Gewalt im Himmel und auf Erden. Darum gehet hin und lehret alle Völker: Taufet sie auf den Namen des Vaters und des Sohnes und des Heiligen Geistes und lehret sie halten alles, was ich euch befohlen habe.
13.06.2019	Donnerstag		Prediger 7,29	Gott hat den Menschen aufrichtig gemacht; aber sie suchen viele Künste.	Matthäus 7,16	An ihren Früchten sollt ihr sie erkennen.
14.06.2019	Freitag		1. Mose 24,21	Abrahams Knecht schwieg still, bis er erkannt hätte, ob der HERR zu seiner Reise Gnade gegeben hätte oder nicht.	Hebräer 10,36	Geduld habt ihr nötig, auf dass ihr den Willen Gottes tut und das Verheißene empfangt.
15.06.2019	Samstag		Psalm 51,15	Ich will die Übertreter deine Wege lehren, dass sich die Sünder zu dir bekehren.	1. Timotheus 2,4	Gott, unser Heiland will, dass alle Menschen gerettet werden und sie zur Erkenntnis der Wahrheit kommen.
16.06.2019	Sonntag	Trinitatis (Dreieinigkeit)	Psalm 73,28	Das ist meine Freude, dass ich mich zu Gott halte und meine Zuversicht setze auf Gott den HERRN, dass ich verkündige all dein Tun.	1. Petrus 2,9	Ihr seid ein auserwähltes Geschlecht, ein königliches Priestertum, ein heiliges Volk, ein Volk zum Eigentum, dass ihr verkündigen sollt die Wohltaten dessen, der euch berufen hat aus der Finsternis in sein wunderbares Licht.
17.06.2019	Montag		Jesaja 55,10-11	Gleichwie der Regen und Schnee vom Himmel fällt und nicht wieder dahin zurückkehrt, sondern feuchtet die Erde und macht sie fruchtbar und lässt wachsen, dass sie gibt Samen zu säen und Brot zu essen, so soll das Wort, das aus meinem Munde geht, auch sein.	1. Korinther 2,4	/Paulus schreibt:/ Mein Wort und meine Predigt geschahen nicht mit überredenden Worten der Weisheit, sondern im Erweis des Geistes und der Kraft.
18.06.2019	Dienstag		Jeremia 1,9	Der HERR sprach zu Jeremia: Siehe, ich lege meine Worte in deinen Mund.	Lukas 21,14-15	So nehmt nun zu Herzen, dass ihr euch nicht sorgt, wie ihr euch verteidigen sollt. Denn ich will euch Mund und Weisheit geben.
19.06.2019	Mittwoch		Psalm 115,13	Der HERR segnet, die ihn fürchten, die Kleinen und die Großen.	Galater 3,26	Ihr seid alle Söhne und Töchter Gottes durch den Glauben in Christus Jesus.
20.06.2019	Donnerstag		Jesaja 46,4	Ich will euch tragen, bis ihr grau werdet. Ich habe es getan; ich will heben und tragen und erretten.	1. Korinther 1,9	Gott ist treu, durch den ihr berufen seid zur Gemeinschaft seines Sohnes Jesus Christus, unseres Herrn.
21.06.2019	Freitag		Jeremia 30,19	Ich will sie mehren und nicht mindern, ich will sie herrlich machen und nicht geringer.	Matthäus 13,33	/Ein Gleichnis sagte Jesus ihnen:/ Das Himmelreich gleicht einem Sauerteig, den eine Frau nahm und unter drei Scheffel Mehl mengte, bis es ganz durchsäuert war.
22.06.2019	Samstag		Psalm 8,3	Aus dem Munde der jungen Kinder und Säuglinge hast du eine Macht zugerichtet.	Lukas 9,48	Wer der Kleinste ist unter euch allen, der ist groß.
23.06.2019	Sonntag	1. Sonntag nach Trinitatis	Daniel 9,4-5	Ach, Herr, du großer und schrecklicher Gott, der du Bund und Gnade bewahrst denen, die dich lieben und deine Gebote halten! Wir haben gesündigt und Unrecht getan.	Römer 5,20	Wo die Sünde mächtig geworden ist, da ist die Gnade noch viel mächtiger geworden.
24.06.2019	Montag	Johannistag	Hiob 2,10	Haben wir Gutes empfangen von Gott und sollten das Böse nicht auch annehmen?	Lukas 22,42	/Jesus betete:/ Vater, willst du, so nimm diesen Kelch von mir; doch nicht mein, sondern dein Wille geschehe!
25.06.2019	Dienstag		Jesaja 54,7	Ich habe dich einen kleinen Augenblick verlassen, aber mit großer Barmherzigkeit will ich dich sammeln.	Johannes 14,18	/Jesus spricht:/ Ich will euch nicht als Waisen zurücklassen; ich komme zu euch.
26.06.2019	Mittwoch		Psalm 31,10	HERR, sei mir gnädig, denn mir ist angst!	Lukas 12,7	/Jesus spricht:/ Auch die Haare auf eurem Haupt sind alle gezählt. Fürchtet euch nicht!
27.06.2019	Donnerstag		Jesaja 48,6	/Gott spricht:/ Von nun an lasse ich dich Neues hören und Verborgenes, das du nicht wusstest.	Epheser 1,9	Gott hat uns wissen lassen das Geheimnis seines Willens nach seinem Ratschluss, den er zuvor in Christus gefasst hatte.
28.06.2019	Freitag		Josua 24,18	Auch wir wollen dem HERRN dienen; denn er ist unser Gott.	Römer 12,5-6	Wir, die vielen, sind ein Leib in Christus, aber untereinander ist einer des andern Glied. Wir haben mancherlei Gaben nach der Gnade, die uns gegeben ist.
29.06.2019	Samstag		Jeremia 21,14	Ich will euch heimsuchen, spricht der HERR, nach der Frucht eures Tuns.	Galater 6,9	Lasst uns Gutes tun und nicht müde werden; denn zu seiner Zeit werden wir auch ernten, wenn wir nicht nachlassen.
30.06.2019	Sonntag	2. Sonntag nach Trinitatis	2. Mose 23,25	Dem HERRN, eurem Gott, sollt ihr dienen, so wird er dein Brot und dein Wasser segnen.	Matthäus 6,31.32	Ihr sollt nicht sorgen und sagen: Was werden wir essen? Was werden wir trinken? Womit werden wir uns kleiden? Denn euer himmlischer Vater weiß, dass ihr all dessen bedürft.
01.07.2019	Montag		Psalm 139,23-24	Erforsche mich, Gott, und erkenne mein Herz; prüfe mich und erkenne, wie ich’s meine. Und sieh, ob ich auf bösem Wege bin, und leite mich auf ewigem Wege.	Jakobus 3,13	Wer ist weise und klug unter euch? Der zeige mit seinem guten Wandel seine Werke in Sanftmut und Weisheit.
02.07.2019	Dienstag		Psalm 141,4	HERR, neige mein Herz nicht zum Bösen.	Römer 12,21	Lass dich nicht vom Bösen überwinden, sondern überwinde das Böse mit Gutem.
03.07.2019	Mittwoch		Psalm 90,12	Lehre uns bedenken, dass wir sterben müssen, auf dass wir klug werden.	Matthäus 7,24	/Jesus spricht:/ Wer diese meine Rede hört und tut sie, der gleicht einem klugen Mann, der sein Haus auf Fels baute.
04.07.2019	Donnerstag		Psalm 80,20	HERR, Gott Zebaoth, tröste uns wieder; lass leuchten dein Antlitz, so ist uns geholfen.	2. Thessalonicher 2,16-17	Unser Herr Jesus Christus, und Gott, unser Vater, der uns geliebt und uns einen ewigen Trost gegeben hat und eine gute Hoffnung durch Gnade, der tröste eure Herzen und stärke euch in allem guten Werk und Wort.
05.07.2019	Freitag		Psalm 139,1-2	HERR, du erforschest mich und kennest mich. Ich sitze oder stehe auf, so weißt du es; du verstehst meine Gedanken von ferne.	Apostelgeschichte 17,28	In ihm leben, weben und sind wir.
06.07.2019	Samstag		Jeremia 31,14	Mein Volk soll meiner Gaben die Fülle haben, spricht der HERR.	Matthäus 10,8	/Jesus sprach zu den Jüngern:/ Macht Kranke gesund, weckt Tote auf, macht Aussätzige rein, treibt Dämonen aus. Umsonst habt ihr’s empfangen, umsonst gebt es auch.
07.07.2019	Sonntag	3. Sonntag nach Trinitatis	Zefanja 2,3	Suchet den HERRN, all ihr Elenden im Lande, die ihr seine Rechte haltet! Suchet Gerechtigkeit, suchet Demut!	Matthäus 5,6	Selig sind, die da hungert und dürstet nach der Gerechtigkeit; denn sie sollen satt werden.
08.07.2019	Montag		Sacharja 4,10	Wer immer den Tag des geringsten Anfangs verachtet hat, wird doch mit Freuden den Schlussstein sehen.	Matthäus 13,31-32	/Jesus spricht:/ Das Himmelreich gleicht einem Senfkorn, das ein Mensch nahm und auf seinen Acker säte; das ist das kleinste unter allen Samenkörnern; wenn es aber gewachsen ist, so ist es größer als alle Kräuter und wird ein Baum, dass die Vögel unter dem Himmel kommen und wohnen in seinen Zweigen.
09.07.2019	Dienstag		Amos 5,4	So spricht der HERR: Suchet mich, so werdet ihr leben.	Johannes 12,36	Glaubt an das Licht, solange ihr’s habt, auf dass ihr des Lichtes Kinder werdet.
10.07.2019	Mittwoch		2. Chronik 5,13.14	Als sich die Stimme der Trompeten, Zimbeln und Saitenspiele erhob und man den HERRN lobte: »Er ist gütig, und seine Barmherzigkeit währt ewig«, da erfüllte die Herrlichkeit des HERRN das Haus Gottes.	Epheser 3,18-19	Ihr werdet befähigt, mit allen Heiligen zusammen die Breite und Länge und Höhe und Tiefe zu ermessen und die Liebe Christi zu erkennen, die alle Erkenntnis übersteigt, und so werdet ihr immer mehr erfüllt werden von der ganzen Fülle Gottes.
11.07.2019	Donnerstag		Jesaja 2,4	Der HERR wird zurechtweisen viele Völker. Da werden sie ihre Schwerter zu Pflugscharen machen und ihre Spieße zu Sicheln.	Lukas 2,14	Ehre sei Gott in der Höhe und Friede auf Erden bei den Menschen seines Wohlgefallens.
12.07.2019	Freitag		2. Mose 19,5	/Der HERR spricht:/ Werdet ihr meiner Stimme gehorchen und meinen Bund halten, so sollt ihr mein Eigentum sein vor allen Völkern; denn die ganze Erde ist mein.	2. Timotheus 1,9	Gott hat uns selig gemacht und berufen mit einem heiligen Ruf, nicht nach unsern Werken, sondern nach seinem Ratschluss und nach der Gnade, die uns gegeben ist in Christus Jesus vor der Zeit der Welt.
13.07.2019	Samstag		Habakuk 2,6	Weh dem, der sein Gut mehrt mit fremdem Gut, wie lange wird’s währen?	Lukas 12,15	/Jesus spricht:/ Seht zu und hütet euch vor aller Habgier; denn niemand lebt davon, dass er viele Güter hat.
14.07.2019	Sonntag	4. Sonntag nach Trinitatis	Psalm 80,19	Lass uns leben, so wollen wir deinen Namen anrufen.	Lukas 18,42-43	Jesus sprach zu dem Blinden: Sei sehend! Dein Glaube hat dir geholfen. Und sogleich wurde er sehend und folgte ihm nach und pries Gott.
15.07.2019	Montag		5. Mose 13,4	Der HERR, euer Gott, versucht euch, um zu erfahren, ob ihr ihn von ganzem Herzen und von ganzer Seele lieb habt.	Römer 5,3-4	Wir wissen, dass Bedrängnis Geduld bringt, Geduld aber Bewährung, Bewährung aber Hoffnung.
16.07.2019	Dienstag		Prediger 5,6	Wo Träume sich mehren und Nichtigkeiten und viele Worte, da fürchte Gott!	Jakobus 1,5	Wenn es jemandem unter euch an Weisheit mangelt, so bitte er Gott, der jedermann gern und ohne Vorwurf gibt.
17.07.2019	Mittwoch		Daniel 9,14	Der HERR, unser Gott, ist gerecht in allen seinen Werken, die er tut.	Jakobus 1,17	Alle gute Gabe und alle vollkommene Gabe kommt von oben herab, von dem Vater des Lichts, bei dem keine Veränderung ist noch Wechsel von Licht und Finsternis.
18.07.2019	Donnerstag		Nahum 1,3	Der HERR ist geduldig und von großer Kraft, doch ungestraft lässt er niemanden.	2. Petrus 3,15	Erachtet die Geduld unseres Herrn für eure Rettung.
19.07.2019	Freitag		Psalm 119,109	Mein Leben ist immer in Gefahr; aber dein Gesetz vergesse ich nicht.	1. Thessalonicher 1,6	/Paulus schreibt:/ Ihr seid unserem Beispiel gefolgt und dem des Herrn, da ihr in großer Bedrängnis das Wort angenommen habt mit einer Freude, die aus dem heiligen Geist kommt.
20.07.2019	Samstag		Jesaja 11,9	Das Land wird voll Erkenntnis des HERRN sein, wie Wasser das Meer bedeckt.	Kolosser 1,19-20	Es hat Gott gefallen, alle Fülle in Christus wohnen zu lassen und durch ihn alles zu versöhnen zu ihm hin, es sei auf Erden oder im Himmel, indem er Frieden machte durch sein Blut am Kreuz.
21.07.2019	Sonntag	5. Sonntag nach Trinitatis	Hosea 6,6	So spricht der HERR: Ich habe Lust an der Liebe und nicht am Opfer, an der Erkenntnis Gottes und nicht am Brandopfer.	1. Korinther 13,13	Nun bleiben Glaube, Hoffnung, Liebe, diese drei; aber die Liebe ist die größte unter ihnen.
22.07.2019	Montag		Jesaja 26,3	Wer festen Herzens ist, dem bewahrst du Frieden; denn er verlässt sich auf dich.	Hebräer 6,11	Wir begehren, dass jeder von euch denselben Eifer beweise, die Hoffnung festzuhalten bis ans Ende.
23.07.2019	Dienstag		Psalm 130,1-2	Aus der Tiefe rufe ich, HERR, zu dir. Herr, höre meine Stimme!	Matthäus 14,27	/Jesus sprach zu den Jüngern:/ Seid getrost, ich bin’s; fürchtet euch nicht!
24.07.2019	Mittwoch		Micha 7,7	Ich will auf den HERRN schauen und harren auf den Gott meines Heils; mein Gott wird mich erhören.	Römer 5,5	Hoffnung lässt nicht zuschanden werden.
25.07.2019	Donnerstag		Hiob 38,4.11	Der HERR antwortete Hiob: Wo warst du, als ich die Erde gründete und zum Meer sprach: »Bis hierher sollst du kommen und nicht weiter; hier sollen sich legen deine stolzen Wellen!«?	Hebräer 11,3	Durch den Glauben erkennen wir, dass die Welt durch Gottes Wort geschaffen ist, dass alles, was man sieht, aus nichts geworden ist.
26.07.2019	Freitag		Sacharja 1,3	Kehrt um zu mir, spricht der HERR Zebaoth, so will ich zu euch umkehren.	Matthäus 9,13	/Jesus spricht:/ Ich bin nicht gekommen, Gerechte zu rufen, sondern Sünder.
27.07.2019	Samstag		Jesaja 51,11	Die Erlösten des HERRN werden heimkehren. Wonne und Freude werden sie ergreifen, aber Trauern und Seufzen wird von ihnen fliehen.	1. Thessalonicher 4,17	Wir werden bei dem Herrn sein allezeit.
28.07.2019	Sonntag	6. Sonntag nach Trinitatis	Psalm 69,33	Die ihr Gott sucht, euer Herz lebe auf!	Lukas 10,39	Maria setzte sich dem Herrn zu Füßen und hörte seiner Rede zu.
29.07.2019	Montag		1. Samuel 1,27	Nun hat der HERR mir gegeben, was ich von ihm erbeten habe.	Matthäus 7,7	/Jesus spricht:/ Bittet, so wird euch gegeben; suchet, so werdet ihr finden; klopfet an, so wird euch aufgetan.
30.07.2019	Dienstag		Psalm 27,13	Ich glaube aber doch, dass ich sehen werde die Güte des HERRN im Lande der Lebendigen.	Offenbarung 21,6	Ich will dem Durstigen geben von der Quelle des lebendigen Wassers umsonst.
31.07.2019	Mittwoch		Habakuk 2,20	Der HERR ist in seinem heiligen Tempel. Es sei stille vor ihm alle Welt!	Matthäus 11,15	Wer Ohren hat, der höre!
01.08.2019	Donnerstag		Psalm 22,20	Du, HERR, sei nicht ferne; meine Stärke, eile, mir zu helfen!	Apostelgeschichte 26,22	/Paulus sprach:/ Gottes Hilfe habe ich erfahren bis zum heutigen Tag und stehe nun hier und bin sein Zeuge bei Klein und Groß.
02.08.2019	Freitag		Sprüche 16,7	Wenn eines Menschen Wege dem HERRN wohlgefallen, so lässt er auch seine Feinde mit ihm Frieden machen.	Lukas 6,35	Liebt eure Feinde und tut Gutes und leiht, ohne etwas dafür zu erhoffen. So wird euer Lohn groß sein, und ihr werdet Kinder des Höchsten sein.
03.08.2019	Samstag		Jesaja 33,13	So hört nun ihr, die ihr ferne seid, was ich getan habe, und die ihr nahe seid, erkennt meine Stärke!	Römer 8,32	Gott hat seinen eigenen Sohn nicht verschont, sondern hat ihn für uns alle dahingegeben – wie sollte er uns mit ihm nicht alles schenken?
04.08.2019	Sonntag	7. Sonntag nach Trinitatis	Jesaja 6,3	Heilig, heilig, heilig ist der HERR Zebaoth, alle Lande sind seiner Ehre voll!	Offenbarung 19,6-7	Halleluja! Denn der Herr, unser Gott, der Allmächtige, hat seine Herrschaft angetreten! Lasst uns freuen und fröhlich sein und ihm die Ehre geben.
05.08.2019	Montag		Jesaja 64,7	HERR, du bist doch unser Vater! Wir sind Ton, du bist unser Töpfer, und wir alle sind deiner Hände Werk.	Epheser 2,10	Wir sind sein Werk, geschaffen in Christus Jesus zu guten Werken.
06.08.2019	Dienstag		Jesaja 50,8	Er ist nahe, der mich gerecht spricht; wer will mit mir rechten?	Lukas 19,5	/Jesus sprach:/ Zachäus, steig eilend herunter; denn ich muss heute in deinem Haus einkehren.
07.08.2019	Mittwoch		Micha 5,1	Und du, Bethlehem Efrata, die du klein bist unter den Tausenden in Juda, aus dir soll mir der kommen, der in Israel Herr sei, dessen Ausgang von Anfang und von Ewigkeit her gewesen ist.	1. Korinther 1,28	Was gering ist vor der Welt und was verachtet ist, das hat Gott erwählt, was nichts ist, damit er zunichtemache, was etwas ist.
08.08.2019	Donnerstag		2. Chronik 20,6	HERR, in deiner Hand ist Kraft und Macht, und es ist niemand, der dir zu widerstehen vermag.	Epheser 3,20-21	Dem, der überschwänglich tun kann über alles hinaus, was wir bitten oder verstehen, nach der Kraft, die in uns wirkt, dem sei Ehre in der Gemeinde und in Christus Jesus durch alle Geschlechter von Ewigkeit zu Ewigkeit!
09.08.2019	Freitag		Sacharja 4,6	Es soll nicht durch Heer oder Kraft, sondern durch meinen Geist geschehen, spricht der HERR Zebaoth.	Galater 5,5	Wir warten im Geist durch den Glauben auf die Gerechtigkeit, auf die man hoffen muss.
10.08.2019	Samstag		2. Mose 23,1	Biete deine Hand nicht einem, der Unrecht tut, indem du als Zeuge Gewalt deckst.	Matthäus 12,37	Aus deinen Worten wirst du gerechtfertigt werden, und aus deinen Worten wirst du verdammt werden.
11.08.2019	Sonntag	8. Sonntag nach Trinitatis	Jesaja 30,18	Der HERR macht sich auf, dass er sich euer erbarme.	2. Timotheus 2,1	So sei nun stark, mein Kind, durch die Gnade in Christus Jesus.
12.08.2019	Montag		Esra 3,11	Sie stimmten den Lobpreis an und dankten dem HERRN: Denn er ist gütig, und seine Barmherzigkeit währt ewiglich.	Lukas 13,17	Alles Volk freute sich über alle herrlichen Taten, die durch Jesus geschahen.
13.08.2019	Dienstag		Psalm 23,2-3	Er weidet mich auf einer grünen Aue und führet mich zum frischen Wasser. Er erquicket meine Seele.	Johannes 10,10	/Jesus spricht:/ Ich bin gekommen, damit sie das Leben haben und volle Genüge.
14.08.2019	Mittwoch		Zefanja 3,7	Mich sollst du fürchten und dich zurechtweisen lassen.	Matthäus 4,17	Tut Buße, denn das Himmelreich ist nahe herbeigekommen!
15.08.2019	Donnerstag		Jesaja 52,7	Wie lieblich klingen die Schritte des Freudenboten auf den Bergen, der Frieden verkündet, der gute Botschaft bringt, der Rettung verkündet, der zu Zion spricht: Dein Gott ist König geworden!	Lukas 10,5	Wenn ihr in ein Haus kommt, sprecht zuerst: Friede sei diesem Hause!
16.08.2019	Freitag		Jesaja 27,3	Ich, der HERR, behüte den Weinberg und begieße ihn immer wieder. Damit man ihn nicht verderbe, will ich ihn Tag und Nacht behüten.	2. Timotheus 2,19	Der feste Grund Gottes besteht und hat dieses Siegel: Der Herr kennt die Seinen.
17.08.2019	Samstag		2. Mose 10,3	So spricht der HERR: Wie lange weigerst du dich, dich vor mir zu demütigen?	Jakobus 4,7	Seid nun Gott untertan. Widersteht dem Teufel, so flieht er von euch.
18.08.2019	Sonntag	9. Sonntag nach Trinitatis	Psalm 37,5	Befiehl dem HERRN deine Wege und hoffe auf ihn, er wird’s wohlmachen.	Philipper 1,6	Ich bin darin guter Zuversicht, dass der in euch angefangen hat das gute Werk, der wird’s auch vollenden bis an den Tag Christi Jesu.
19.08.2019	Montag		Sacharja 9,9	Siehe, dein König kommt zu dir, ein Gerechter und ein Helfer, arm und reitet auf einem Esel.	Matthäus 20,28	Der Menschensohn ist nicht gekommen, dass er sich dienen lasse, sondern dass er diene und gebe sein Leben als Lösegeld für viele.
20.08.2019	Dienstag		Jesaja 9,5	Er heißt Wunder-Rat, Gott-Held, Ewig-Vater, Friede-Fürst.	Matthäus 16,15	/Jesus fragte die Jünger:/ Wer sagt denn ihr, dass ich sei?
21.08.2019	Mittwoch		Micha 7,9	Ich will des HERRN Zorn tragen, denn ich habe wider ihn gesündigt.	Jakobus 4,10	Demütigt euch vor dem Herrn, so wird er euch erhöhen.
22.08.2019	Donnerstag		Jesaja 53,8	Er ist aus dem Lande der Lebendigen weggerissen, da er für die Missetat meines Volks geplagt war.	Hebräer 12,3	Gedenkt an den, der so viel Widerspruch gegen sich von den Sündern erduldet hat, dass ihr nicht matt werdet und den Mut nicht sinken lasst.
23.08.2019	Freitag		1. Chronik 29,11	Dein, HERR, ist die Größe und die Macht und die Herrlichkeit und der Ruhm und die Hoheit. Denn alles im Himmel und auf Erden ist dein.	Offenbarung 4,11	Herr, unser Gott, du bist würdig, zu nehmen Preis und Ehre und Kraft; denn du hast alle Dinge geschaffen, und durch deinen Willen waren sie und wurden sie geschaffen.
24.08.2019	Samstag		Jeremia 29,13-14	Wenn ihr mich von ganzem Herzen suchen werdet, so will ich mich von euch finden lassen, spricht der HERR.	Kolosser 3,2	Trachtet nach dem, was droben ist, nicht nach dem, was auf Erden ist.
25.08.2019	Sonntag	10. Sonntag nach Trinitatis (Israelsonntag)	2. Könige 19,30	Was vom Hause Juda errettet und übrig geblieben ist, wird von neuem nach unten Wurzeln schlagen und oben Frucht tragen.	Römer 11,16	Ist die Wurzel heilig, so sind auch die Zweige heilig.
26.08.2019	Montag		Jesaja 49,8	So spricht der HERR: Ich habe dich erhört zur Zeit der Gnade und habe dir am Tage des Heils geholfen.	Römer 10,12	Es ist über alle derselbe Herr, reich für alle, die ihn anrufen.
27.08.2019	Dienstag		Maleachi 3,1	Siehe, ich will meinen Engel senden, der vor mir her den Weg bereiten soll.	Lukas 2,10	Der Engel sprach zu den Hirten: Fürchtet euch nicht! Siehe, ich verkündige euch große Freude, die allem Volk widerfahren wird.
28.08.2019	Mittwoch		2. Mose 3,11-12	Mose sprach zu Gott: Wer bin ich, dass ich zum Pharao gehe und führe die Israeliten aus Ägypten? Gott sprach: Ich will mit dir sein.	2. Korinther 12,9	Lass dir an meiner Gnade genügen; denn meine Kraft vollendet sich in der Schwachheit.
29.08.2019	Donnerstag		Sprüche 15,33	Die Furcht des HERRN ist Unterweisung zur Weisheit.	1. Korinther 8,2-3	Wenn jemand meint, er habe etwas erkannt, der hat noch nicht erkannt, wie man erkennen soll. Wenn aber jemand Gott liebt, der ist von ihm erkannt.
30.08.2019	Freitag		Jona 3,9	Wer weiß, ob Gott nicht umkehrt und es ihn reut und er sich abwendet von seinem grimmigen Zorn, dass wir nicht verderben.	2. Petrus 3,9	Gott hat Geduld mit euch und will nicht, dass jemand verloren werde, sondern dass jedermann zur Buße finde.
31.08.2019	Samstag		Psalm 124,8	Unsre Hilfe steht im Namen des HERRN, der Himmel und Erde gemacht hat.	Matthäus 6,8	Euer Vater weiß, was ihr bedürft, bevor ihr ihn bittet.
01.09.2019	Sonntag	11. Sonntag nach Trinitatis	Psalm 136,3.4	Danket dem Herrn aller Herren, der allein große Wunder tut, denn seine Güte währet ewiglich.	2. Korinther 9,15	Gott sei Dank für seine unaussprechliche Gabe!
02.09.2019	Montag		2. Mose 33,19	/Der HERR spricht:/ Wem ich gnädig bin, dem bin ich gnädig, und wessen ich mich erbarme, dessen erbarme ich mich.	Römer 3,22-24	Da ist kein Unterschied: Alle haben ja gesündigt und die Herrlichkeit Gottes verspielt. Gerecht gemacht werden sie ohne Verdienst aus seiner Gnade.
03.09.2019	Dienstag		Jesaja 8,17	Ich will hoffen auf den HERRN, der sein Antlitz verborgen hat vor dem Hause Jakob.	2. Korinther 5,6-7	So sind wir allezeit guten Mutes, auch wenn wir wissen, dass wir, solange wir im Leib zu Hause sind, fern vom Herrn, in der Fremde leben – im Glauben gehen wir unseren Weg, nicht im Schauen.
04.09.2019	Mittwoch		Psalm 78,3-4	Was wir gehört haben und wissen und unsre Väter uns erzählt haben, das wollen wir nicht verschweigen ihren Kindern.	Matthäus 5,15	Man zündet nicht ein Licht an und setzt es unter einen Scheffel, sondern auf einen Leuchter; so leuchtet es allen, die im Hause sind.
05.09.2019	Donnerstag		1. Chronik 16,31	Es freue sich der Himmel, und die Erde sei fröhlich, und man sage unter den Völkern, dass der HERR regiert!	Philipper 2,10	In dem Namen Jesu sollen sich beugen aller derer Knie, die im Himmel und auf Erden und unter der Erde sind.
06.09.2019	Freitag		Psalm 133,1.3	Siehe, wie fein und lieblich ist’s, wenn Brüder einträchtig beieinander wohnen! Denn dort verheißt der HERR den Segen und Leben bis in Ewigkeit.	Römer 12,10	Die brüderliche Liebe untereinander sei herzlich. Einer komme dem andern mit Ehrerbietung zuvor.
07.09.2019	Samstag		Habakuk 2,4	Siehe, wer halsstarrig ist, der wird keine Ruhe in seinem Herzen haben, der Gerechte aber wird durch seinen Glauben leben.	Matthäus 11,29	Nehmt auf euch mein Joch und lernt von mir; denn ich bin sanftmütig und von Herzen demütig; so werdet ihr Ruhe finden für eure Seelen.
08.09.2019	Sonntag	12. Sonntag nach Trinitatis	Jesaja 42,1	Ich habe meinen Geist auf meinen Diener gelegt, das Recht trägt er hinaus zu den Nationen.	Johannes 18,37	/Jesus spricht:/ Ich bin dazu geboren und in die Welt gekommen, dass ich die Wahrheit bezeuge.
09.09.2019	Montag		Micha 6,3	Was habe ich dir getan, mein Volk, und womit habe ich dich beschwert? Das sage mir!	Lukas 15,31-32	/Der Vater sprach zu dem älteren Sohn:/ Mein Sohn, du bist allezeit bei mir und alles, was mein ist, das ist dein. Du solltest aber fröhlich und guten Mutes sein; denn dieser dein Bruder war tot und ist wieder lebendig geworden, er war verloren und ist wiedergefunden.
10.09.2019	Dienstag		Psalm 84,12	Gott der HERR ist Sonne und Schild.	Philipper 4,19	/Paulus schreibt:/ Mein Gott wird all eurem Mangel abhelfen nach seinem Reichtum in Herrlichkeit in Christus Jesus.
11.09.2019	Mittwoch		5. Mose 16,19	Du sollst das Recht nicht beugen und sollst auch die Person nicht ansehen und keine Geschenke nehmen; denn Geschenke machen die Weisen blind und verdrehen die Sache der Gerechten.	2. Timotheus 2,19	Es lasse ab von Ungerechtigkeit, wer den Namen des Herrn nennt.
12.09.2019	Donnerstag		1. Könige 18,37	/Elia betete:/ Erhöre mich, HERR, erhöre mich, dass dies Volk erkenne, dass du, HERR, Gott bist und ihr Herz wieder zu dir kehrst!	Philipper 1,9-10	/Paulus schreibt:/ Ich bete darum, dass eure Liebe immer noch reicher werde an Erkenntnis und aller Erfahrung, sodass ihr prüfen könnt, was das Beste sei.
13.09.2019	Freitag		Hiob 3,20-21	Warum gibt Gott dem Leidenden Licht und Leben denen, die verbittert sind -, die sich sehnen nach dem Tod, doch er kommt nicht?	Hebräer 2,18	Da Jesus selber gelitten hat und versucht worden ist, kann er helfen denen, die versucht werden.
14.09.2019	Samstag		Hesekiel 34,23	Ich will ihnen einen einzigen Hirten erwecken, der sie weiden soll.	Johannes 10,14	/Jesus spricht:/ Ich bin der gute Hirte und kenne die Meinen und die Meinen kennen mich.
15.09.2019	Sonntag	13. Sonntag nach Trinitatis	Psalm 18,2	Herzlich lieb habe ich dich, HERR, meine Stärke!	Lukas 7,37.38	Eine Frau war in der Stadt, die war eine Sünderin. Sie fing an, Jesu Füße mit Tränen zu netzen und mit den Haaren ihres Hauptes zu trocknen, und küsste seine Füße und salbte sie mit dem Salböl.
16.09.2019	Montag		Amos 5,14	Suchet das Gute und nicht das Böse, auf dass ihr lebet.	Philipper 2,5	Seid so unter euch gesinnt, wie es der Gemeinschaft in Christus Jesus entspricht.
17.09.2019	Dienstag		Jeremia 2,28	Wo sind denn deine Götter, die du dir gemacht hast? Lass sie aufstehen; lass sehen, ob sie dir helfen können in deiner Not!	Matthäus 8,26	Jesus stand auf und bedrohte den Wind und das Meer; und es ward eine große Stille.
18.09.2019	Mittwoch		Psalm 119,14	Herr, ich freue mich über den Weg deiner Zeugnisse wie über allen Reichtum.	Matthäus 13,52	Darum gleicht jeder Schriftgelehrte, der ein Jünger des Himmelreichs geworden ist, einem Hausvater, der aus seinem Schatz Neues und Altes hervorholt.
19.09.2019	Donnerstag		2. Mose 13,21	Der HERR zog vor ihnen her, am Tage in einer Wolkensäule, um sie den rechten Weg zu führen, und bei Nacht in einer Feuersäule, um ihnen zu leuchten.	Hebräer 2,1	Wir sollen desto mehr achten auf das Wort, das wir hören, damit wir nicht am Ziel vorbeitreiben.
20.09.2019	Freitag		Jesaja 29,19	Die Elenden werden wieder Freude haben am HERRN, und die Ärmsten unter den Menschen werden fröhlich sein in dem Heiligen Israels.	Matthäus 9,11	Die Pharisäer sprachen zu seinen Jüngern: Warum isst euer Meister mit den Zöllnern und Sündern?
21.09.2019	Samstag		1. Mose 46,3.4	Gott sprach zu Jakob: Ich bin Gott, der Gott deines Vaters; fürchte dich nicht. Ich will mit dir hinab nach Ägypten ziehen und will dich auch wieder heraufführen.	Hebräer 12,12-13	Darum stärkt die müden Hände und die wankenden Knie und tut sichere Schritte mit euren Füßen.
22.09.2019	Sonntag	14. Sonntag nach Trinitatis	Psalm 25,5	Leite mich in deiner Wahrheit und lehre mich!	Matthäus 23,10	Einer ist euer Lehrer: Christus.
23.09.2019	Montag		1. Samuel 2,4	Der Bogen der Starken ist zerbrochen, und die Schwachen sind umgürtet mit Stärke.	2. Korinther 6,4.7	/Paulus schreibt:/ In allem erweisen wir uns als Diener Gottes: in dem Wort der Wahrheit, in der Kraft Gottes, mit den Waffen der Gerechtigkeit zur Rechten und zur Linken.
24.09.2019	Dienstag		Jeremia 24,7	Ich will ihnen ein Herz geben, dass sie mich erkennen sollen, dass ich der HERR bin.	2. Korinther 1,21-22	Gott ist’s, der uns fest macht samt euch in Christus und uns gesalbt hat und versiegelt und in unsre Herzen als Unterpfand den Geist gegeben hat.
25.09.2019	Mittwoch		5. Mose 16,20	Was recht ist, dem sollst du nachjagen, damit du leben kannst.	Kolosser 1,23	Bleibt im Glauben, gegründet und fest, und weicht nicht von der Hoffnung des Evangeliums, das ihr gehört habt und das gepredigt ist allen Geschöpfen unter dem Himmel.
26.09.2019	Donnerstag		Sprüche 14,26	Wer den HERRN fürchtet, hat eine sichere Festung.	2. Timotheus 1,12	Ich weiß, an wen ich glaube, und bin gewiss, dass er bewahren kann, was mir anvertraut ist.
27.09.2019	Freitag		Prediger 3,13	Ein Mensch, der da isst und trinkt und hat guten Mut bei all seinem Mühen, das ist eine Gabe Gottes.	Matthäus 6,11	Unser tägliches Brot gib uns heute.
28.09.2019	Samstag		Psalm 55,23	Wirf dein Anliegen auf den HERRN; der wird dich versorgen.	Hebräer 10,35	Werft euer Vertrauen nicht weg, welches eine große Belohnung hat.
29.09.2019	Sonntag	15. Sonntag nach Trinitatis	Psalm 33,16	Einem König hilft nicht seine große Macht; ein Held kann sich nicht retten durch seine große Kraft.	Matthäus 2,19-20	Als Herodes gestorben war, siehe, da erschien der Engel des Herrn dem Josef im Traum in Ägypten und sprach: Steh auf, nimm das Kindlein und seine Mutter mit dir und zieh hin in das Land Israel; sie sind gestorben, die dem Kindlein nach dem Leben getrachtet haben.
30.09.2019	Montag		Psalm 56,9	Sammle meine Tränen in deinen Krug; ohne Zweifel, du zählst sie.	2. Korinther 1,3-4	Gelobt sei Gott, der Vater unseres Herrn Jesus Christus, der Vater der Barmherzigkeit und Gott allen Trostes, der uns tröstet in aller unserer Bedrängnis, damit wir auch trösten können, die in allerlei Bedrängnis sind.
01.10.2019	Dienstag		Psalm 56,12	Auf Gott hoffe ich und fürchte mich nicht; was können mir Menschen tun?	Philipper 4,13	/Paulus schreibt:/ Ich vermag alles durch den, der mich mächtig macht.
02.10.2019	Mittwoch		Hiob 2,11.13	Als die drei Freunde Hiobs all das Unglück hörten, das über ihn gekommen war, kamen sie und saßen mit ihm auf der Erde sieben Tage und sieben Nächte und redeten nichts mit ihm; denn sie sahen, dass der Schmerz sehr groß war.	1. Korinther 13,7	Die Liebe erträgt alles.
03.10.2019	Donnerstag		Daniel 2,44	Der Gott des Himmels wird ein Reich aufrichten, das nimmermehr zerstört wird.	Matthäus 6,13	Dein ist das Reich und die Kraft und die Herrlichkeit in Ewigkeit. Amen.
04.10.2019	Freitag		2. Chronik 14,10	HERR, es ist dir nicht schwer, dem Schwachen gegen den Starken zu helfen.	2. Korinther 12,9	/Paulus schreibt:/ Darum will ich mich am allerliebsten rühmen meiner Schwachheit, auf dass die Kraft Christi bei mir wohne.
05.10.2019	Samstag		Jesaja 46,10	Gott sagt: Was ich beschlossen habe, geschieht, und alles, was ich mir vorgenommen habe, das tue ich.	Matthäus 20,16	So werden die Letzten die Ersten und die Ersten die Letzten sein.
06.10.2019	Sonntag	Erntedankfest	Haggai 2,9	Ich will Frieden geben an dieser Stätte, spricht der HERR Zebaoth.	Philipper 4,9	/Paulus schreibt:/ Was ihr gelernt und empfangen und gehört und gesehen habt an mir, das tut; so wird der Gott des Friedens mit euch sein.
07.10.2019	Montag		2. Samuel 22,2	Der HERR ist mein Fels und meine Burg und mein Erretter.	2. Korinther 1,10	Auf ihn hoffen wir, er werde uns auch hinfort erretten.
08.10.2019	Dienstag		Psalm 34,5	Da ich den HERRN suchte, antwortete er mir und errettete mich aus aller meiner Furcht.	Lukas 15,8	/Jesus spricht:/ Welche Frau, die zehn Silbergroschen hat und  e i n e n  davon verliert, zündet nicht ein Licht an und kehrt das Haus und sucht mit Fleiß, bis sie ihn findet?
09.10.2019	Mittwoch		1. Mose 35,3	/Jakob sprach:/ Lasst uns nach Bethel ziehen, dass ich dort einen Altar errichte dem Gott, der mich erhört hat zur Zeit meiner Trübsal und mit mir gewesen ist auf dem Wege.	Epheser 5,20	Sagt Dank Gott, dem Vater, allezeit für alles, im Namen unseres Herrn Jesus Christus.
10.10.2019	Donnerstag		Hosea 14,5	Ich will ihre Abtrünnigkeit heilen; gerne will ich sie lieben.	Judas 1,22	Erbarmt euch derer, die zweifeln.
11.10.2019	Freitag		Jesaja 31,1	Weh denen, die sich verlassen auf Rosse und vertrauen auf Wagen, weil ihrer viele sind, und befragen nicht den HERRN!	2. Korinther 3,5	Unsere Befähigung kommt von Gott.
12.10.2019	Samstag		Psalm 93,4	Mächtiger als das Tosen großer Wasser, mächtiger als die Wellen des Meeres ist der HERR in der Höhe.	Lukas 8,25	/Jesus sprach zu den Jüngern:/ Wo ist euer Glaube? Sie fürchteten sich aber und verwunderten sich und sprachen untereinander: Wer ist dieser, dass er auch dem Wind und dem Wasser gebietet und sie sind ihm gehorsam?
13.10.2019	Sonntag	17. Sonntag nach Trinitatis	Daniel 2,21	Gott gibt den Weisen ihre Weisheit und den Verständigen ihren Verstand.	Jakobus 3,17	Die Weisheit von oben her ist zuerst lauter, dann friedfertig, gütig, lässt sich etwas sagen, ist reich an Barmherzigkeit und guten Früchten, unparteiisch, ohne Heuchelei.
14.10.2019	Montag		Hesekiel 36,29	Ich will euch von all eurer Unreinheit erlösen.	Römer 8,1	So gibt es nun keine Verdammnis für die, die in Christus Jesus sind.
15.10.2019	Dienstag		Jesaja 49,6	Der HERR spricht: Zum Licht für die Nationen werde ich dich machen, damit mein Heil bis an das Ende der Erde reicht.	Philipper 2,9	Gott hat Christus Jesus erhöht und hat ihm den Namen gegeben, der über alle Namen ist.
16.10.2019	Mittwoch		1. Mose 24,56	Haltet mich nicht auf, denn der HERR hat Gnade zu meiner Reise gegeben.	Matthäus 9,9	Jesus sah einen Menschen am Zoll sitzen, der hieß Matthäus; und er sprach zu ihm: Folge mir! Und er stand auf und folgte ihm.
17.10.2019	Donnerstag		3. Mose 25,14	Wenn du deinem Nächsten etwas verkaufst oder ihm etwas abkaufst, soll keiner seinen Bruder übervorteilen.	Matthäus 7,12	Alles nun, was ihr wollt, dass euch die Leute tun sollen, das tut ihr ihnen auch! Das ist das Gesetz und die Propheten.
18.10.2019	Freitag		Sprüche 21,21	Wer der Gerechtigkeit und Güte nachjagt, der findet Leben und Ehre.	Römer 14,17	Das Reich Gottes ist nicht Essen und Trinken, sondern Gerechtigkeit und Friede und Freude im Heiligen Geist.
19.10.2019	Samstag		Psalm 9,20	HERR, steh auf, dass nicht Menschen die Oberhand gewinnen.	Johannes 17,15	/Jesus betet:/ Ich bitte nicht, dass du sie aus der Welt nimmst, sondern dass du sie bewahrst vor dem Bösen.
20.10.2019	Sonntag	18. Sonntag nach Trinitatis	Jeremia 32,40	Ich will einen ewigen Bund mit meinem Volk schließen, dass ich nicht ablassen will, ihnen Gutes zu tun.	Römer 9,16	So liegt es nun nicht an jemandes Wollen oder Laufen, sondern an Gottes Erbarmen.
21.10.2019	Montag		Hesekiel 34,2	Wehe den Hirten, die sich selbst weiden! Sollen die Hirten nicht die Herde weiden?	Philipper 2,4	Ein jeder sehe nicht auf das Seine, sondern auch auf das, was dem andern dient.
22.10.2019	Dienstag		1. Könige 18,30	Elia sprach zu allem Volk: Kommt her zu mir! Und als alles Volk zu ihm trat, baute er den Altar des HERRN wieder auf, der zerbrochen war.	Römer 14,19	Lasst uns dem nachstreben, was zum Frieden dient und zur Erbauung untereinander.
23.10.2019	Mittwoch		Hosea 12,7	Du wirst mit deinem Gott zurückkehren. Halte fest an Liebe und Recht und hoffe stets auf deinen Gott!	Jakobus 1,21	Legt alles Gemeine und Schlechte ab und nehmt bereitwillig das Wort an, das Gott euch ins Herz gepflanzt hat. Es hat die Macht, euch zu retten.
24.10.2019	Donnerstag		Psalm 66,12	Du hast Menschen über unser Haupt fahren lassen, wir sind in Feuer und Wasser gekommen. Aber du hast uns herausgeführt und erquickt.	1. Johannes 5,4	Unser Glaube ist der Sieg, der die Welt überwunden hat.
25.10.2019	Freitag		Hiob 37,5	Gott tut große Dinge, die wir nicht begreifen.	Römer 11,36	Von ihm und durch ihn und zu ihm sind alle Dinge. Ihm sei Ehre in Ewigkeit! Amen.
26.10.2019	Samstag		5. Mose 14,2	Du bist ein heiliges Volk dem HERRN, deinem Gott, und der HERR hat dich erwählt, dass du sein Eigentum seist, aus allen Völkern, die auf Erden sind.	Römer 3,30	Es ist der eine Gott, der gerecht macht die Juden aus dem Glauben und die Heiden durch den Glauben.
27.10.2019	Sonntag	19. Sonntag nach Trinitatis	1. Samuel 2,7	Der HERR macht arm und macht reich; er erniedrigt und erhöht.	2. Korinther 4,10	Wir tragen allezeit das Sterben Jesu an unserm Leibe, auf dass auch das Leben Jesu an unserm Leibe offenbar werde.
28.10.2019	Montag		Daniel 11,32	Das Volk derer, die ihren Gott kennen, wird stark bleiben und entsprechend handeln.	Matthäus 5,16	/Jesus spricht:/ So lasst euer Licht leuchten vor den Leuten, damit sie eure guten Werke sehen und euren Vater im Himmel preisen.
29.10.2019	Dienstag		Jona 2,9	Die sich halten an das Nichtige, verlassen ihre Gnade.	Matthäus 6,24	Niemand kann zwei Herren dienen: Entweder er wird den einen hassen und den andern lieben, oder er wird an dem einen hängen und den andern verachten. Ihr könnt nicht Gott dienen und dem Mammon.
30.10.2019	Mittwoch		Psalm 105,5	Gedenket seiner Wunderwerke, die er getan hat, seiner Zeichen und der Urteile seines Mundes!	Matthäus 14,19-20	Jesus nahm die fünf Brote und die zwei Fische, sah auf zum Himmel, dankte und brach’s und gab die Brote den Jüngern, und die Jünger gaben sie dem Volk. Und sie aßen alle und wurden satt.
31.10.2019	Donnerstag	Reformationstag	Psalm 105,1	Danket dem HERRN und rufet an seinen Namen; verkündigt sein Tun unter den Völkern!	1. Johannes 4,14	Wir haben gesehen und bezeugen, dass der Vater den Sohn gesandt hat als Heiland der Welt.
01.11.2019	Freitag		Psalm 25,11	Um deines Namens willen, HERR, vergib mir meine Schuld, die so groß ist!	Epheser 1,7	In Jesus Christus haben wir die Erlösung durch sein Blut, die Vergebung der Sünden, nach dem Reichtum seiner Gnade.
02.11.2019	Samstag		Sprüche 11,13	Wer als Verleumder umhergeht, gibt Vertrauliches preis, wer aber verlässlich ist, behält Geheimnisse für sich.	1. Timotheus 6,20	Bewahre, was dir anvertraut ist, und meide das ungeistliche lose Geschwätz.
03.11.2019	Sonntag	20. Sonntag nach Trinitatis	Psalm 51,17	Herr, tue meine Lippen auf, dass mein Mund deinen Ruhm verkündige.	Apostelgeschichte 4,33	Mit großer Kraft bezeugten die Apostel die Auferstehung des Herrn Jesus, und große Gnade war bei ihnen allen.
04.11.2019	Montag		Psalm 103,17-18	Die Gnade des HERRN währt von Ewigkeit zu Ewigkeit über denen, die ihn fürchten, und seine Gerechtigkeit auf Kindeskind bei denen, die seinen Bund halten.	Philipper 1,27	Wandelt nur würdig des Evangeliums Christi.
05.11.2019	Dienstag		Jesaja 60,1	Mache dich auf, werde licht; denn dein Licht kommt, und die Herrlichkeit des HERRN geht auf über dir!	Johannes 12,46	/Jesus spricht:/ Ich bin als Licht in die Welt gekommen, auf dass, wer an mich glaubt, nicht in der Finsternis bleibe.
06.11.2019	Mittwoch		Psalm 86,9	Alle Völker, die du gemacht hast, werden kommen und vor dir anbeten, Herr, und deinen Namen ehren.	Matthäus 24,14	Es wird gepredigt werden dies Evangelium vom Reich in der ganzen Welt zum Zeugnis für alle Völker, und dann wird das Ende kommen.
07.11.2019	Donnerstag		1. Chronik 29,15	Wir sind Fremdlinge und Gäste vor dir wie unsere Väter alle. Unser Leben auf Erden ist wie ein Schatten und bleibet nicht.	Johannes 14,2	/Jesus spricht:/ In meines Vaters Hause sind viele Wohnungen.
08.11.2019	Freitag		1. Samuel 7,8	Die Israeliten sprachen zu Samuel: Lass nicht ab, für uns zu schreien zu dem HERRN, unserm Gott, dass er uns helfe.	Jakobus 5,16	Bekennt also einander eure Sünden und betet füreinander, dass ihr gesund werdet.
09.11.2019	Samstag		Jesaja 40,13	Wer bestimmt den Geist des HERRN, und welcher Ratgeber unterweist ihn?	Apostelgeschichte 17,29	Wir sollen nicht meinen, die Gottheit sei gleich den goldenen, silbernen und steinernen Bildern, durch menschliche Kunst und Gedanken gemacht.
10.11.2019	Sonntag	Drittletzter Sonntag des Kirchenjahres	Psalm 127,1	Wenn der HERR nicht die Stadt behütet, so wacht der Wächter umsonst.	1. Korinther 3,7	So ist nun weder der etwas, der pflanzt, noch der begießt, sondern Gott, der das Gedeihen gibt.
11.11.2019	Montag		1. Samuel 12,15	Werdet ihr der Stimme des HERRN nicht gehorchen, so wird die Hand des HERRN gegen euch sein wie gegen eure Väter.	Römer 16,19	/Paulus schreibt:/ Ich will, dass ihr weise seid zum Guten, aber geschieden vom Bösen.
12.11.2019	Dienstag		Hesekiel 34,11	Siehe, ich will mich meiner Herde selbst annehmen und sie suchen.	Matthäus 9,36	Als Jesus das Volk sah, jammerte es ihn; denn sie waren geängstet und zerstreut wie die Schafe, die keinen Hirten haben.
13.11.2019	Mittwoch		Micha 5,3	Er wird herrlich werden bis an die Enden der Erde.	Kolosser 2,9-10	In Jesus Christus wohnt die ganze Fülle der Gottheit leibhaftig, und ihr seid erfüllt durch ihn, der das Haupt aller Mächte und Gewalten ist.
14.11.2019	Donnerstag		Psalm 118,25	O HERR, hilf! O HERR, lass wohlgelingen!	Philipper 2,13	Gott ist’s, der in euch wirkt beides, das Wollen und das Vollbringen, nach seinem Wohlgefallen.
15.11.2019	Freitag		Sprüche 10,19	Wo viel Worte sind, da geht’s ohne Sünde nicht ab; wer aber seine Lippen im Zaum hält, ist klug.	Jakobus 3,9-10	Mit der Zunge loben wir den Herrn und Vater, und mit ihr fluchen wir den Menschen, die nach dem Bilde Gottes gemacht sind. Aus  e i n e m  Munde kommt Loben und Fluchen. Das soll nicht so sein, liebe Brüder.
16.11.2019	Samstag		1. Samuel 2,10	Der HERR wird richten der Welt Enden. Er wird Macht geben seinem Könige.	Matthäus 25,31-32	Wenn der Menschensohn kommen wird in seiner Herrlichkeit und alle Engel mit ihm, dann wird er sich setzen auf den Thron seiner Herrlichkeit, und alle Völker werden vor ihm versammelt werden.
17.11.2019	Sonntag	Vorletzter Sonntag des Kirchenjahres	Richter 10,10	Die Israeliten schrien zu dem HERRN und sprachen: Wir haben an dir gesündigt; denn wir haben unsern Gott verlassen.	Kolosser 1,13-14	Er hat uns errettet aus der Macht der Finsternis und hat uns versetzt in das Reich seines geliebten Sohnes, in dem wir die Erlösung haben, nämlich die Vergebung der Sünden.
18.11.2019	Montag		Psalm 139,5	Von allen Seiten umgibst du mich und hältst deine Hand über mir.	Römer 8,35	Wer will uns scheiden von der Liebe Christi? Trübsal oder Angst oder Verfolgung oder Hunger oder Blöße oder Gefahr oder Schwert?
19.11.2019	Dienstag		Jeremia 1,19	Wenn sie auch wider dich streiten, werden sie dir dennoch nichts anhaben können; denn ich bin bei dir, spricht der HERR, dass ich dich errette.	1. Korinther 4,20	Das Reich Gottes steht nicht in Worten, sondern in Kraft.
20.11.2019	Mittwoch	Buss- und Bettag	Psalm 71,23	Meine Lippen und meine Seele, die du erlöst hast, sollen fröhlich sein und dir lobsingen.	Epheser 5,19	Ermuntert einander mit Psalmen und Lobgesängen und geistlichen Liedern.
21.11.2019	Donnerstag		Jeremia 32,27	Siehe, ich, der HERR, bin der Gott allen Fleisches, sollte mir etwas unmöglich sein?	Römer 16,25.27	/Paulus schreibt:/ Dem, der euch stärken kann gemäß meinem Evangelium und der Predigt von Jesus Christus, dem einzigen und weisen Gott, sei durch Jesus Christus Ehre in Ewigkeit!
22.11.2019	Freitag		Psalm 84,4	Der Vogel hat ein Haus gefunden und die Schwalbe ein Nest für ihre Jungen – deine Altäre, HERR Zebaoth, mein König und mein Gott.	Matthäus 18,20	/Jesus spricht:/ Wo zwei oder drei versammelt sind in meinem Namen, da bin ich mitten unter ihnen.
23.11.2019	Samstag		Psalm 23,1	Der HERR ist mein Hirte, mir wird nichts mangeln.	2. Korinther 6,4.10	/Paulus schreibt:/ In allem erweisen wir uns als Diener Gottes: als die Traurigen, aber allezeit fröhlich; als die Armen, aber die doch viele reich machen; als die nichts haben und doch alles haben.
24.11.2019	Sonntag	Letzter Sonntag des Kirchenjahres – Ewigkeitssonntag	Psalm 97,11	Dem Gerechten muss das Licht immer wieder aufgehen und Freude den aufrichtigen Herzen.	Matthäus 5,4	Selig sind, die da Leid tragen; denn sie sollen getröstet werden.
25.11.2019	Montag		1. Mose 17,9	Gott sprach zu Abraham: Du aber, halte meinen Bund, du und deine Nachkommen, von Generation zu Generation.	2. Korinther 3,6	Gott hat uns auch tüchtig gemacht zu Dienern des neuen Bundes.
26.11.2019	Dienstag		Psalm 16,11	Du tust mir kund den Weg zum Leben.	Philipper 3,13	Ich vergesse, was dahinten ist, und strecke mich aus nach dem, was da vorne ist.
27.11.2019	Mittwoch		3. Mose 19,2	Ihr sollt heilig sein, denn ich bin heilig, der HERR, euer Gott.	Jakobus 1,18	Er hat uns geboren nach seinem Willen durch das Wort der Wahrheit, damit wir die Erstlinge seiner Geschöpfe seien.
28.11.2019	Donnerstag		Psalm 6,5	Wende dich, HERR, und errette meine Seele, hilf mir um deiner Güte willen!	Matthäus 7,11	Wenn nun ihr, die ihr doch böse seid, dennoch euren Kindern gute Gaben zu geben wisst, wie viel mehr wird euer Vater im Himmel Gutes geben denen, die ihn bitten!
29.11.2019	Freitag		Psalm 103,13	Wie sich ein Vater über Kinder erbarmt, so erbarmt sich der HERR über die, die ihn fürchten.	Matthäus 8,11	/Jesus spricht:/ Ich sage euch: Viele werden kommen von Osten und von Westen und mit Abraham und Isaak und Jakob im Himmelreich zu Tisch sitzen.
30.11.2019	Samstag		Jesaja 49,23	Du wirst erfahren, dass ich der HERR bin, an dem nicht zuschanden werden, die auf mich harren.	Römer 12,12	Seid fröhlich in Hoffnung, geduldig in Trübsal, beharrlich im Gebet.
01.12.2019	Sonntag	1. Sonntag im Advent	Jeremia 10,7	HERR, wer sollte dich nicht fürchten, du König der Völker? Dir muss man gehorchen.	Hebräer 13,20.21	Der Gott des Friedens mache euch tüchtig in allem Guten, zu tun seinen Willen, und schaffe in uns, was ihm gefällt, durch Jesus Christus.
02.12.2019	Montag		Josua 8,1	Fürchte dich nicht und verzage nicht!	1. Johannes 4,18	Furcht ist nicht in der Liebe, sondern die vollkommene Liebe treibt die Furcht aus.
03.12.2019	Dienstag		2. Chronik 14,10	Hilf uns, HERR, unser Gott; denn wir verlassen uns auf dich.	Matthäus 7,8	Wer da bittet, der empfängt; und wer da sucht, der findet; und wer da anklopft, dem wird aufgetan.
04.12.2019	Mittwoch		2. Könige 19,34	/Der HERR sprach:/ Ich will diese Stadt beschirmen, dass ich sie errette um meinetwillen.	Apostelgeschichte 9,31	So hatte nun die Gemeinde Frieden in ganz Judäa und Galiläa und Samarien und baute sich auf und lebte in der Furcht des Herrn und mehrte sich unter dem Beistand des Heiligen Geistes.
05.12.2019	Donnerstag		1. Könige 19,11-12	Vor dem HERRN her kam ein großer und gewaltiger Sturmwind, der Berge zerriss und Felsen zerbrach, in dem Sturmwind aber war der HERR nicht. Und nach dem Sturmwind kam ein Erdbeben, in dem Erdbeben aber war der HERR nicht. Und nach dem Erdbeben kam ein Feuer, in dem Feuer aber war der HERR nicht. Nach dem Feuer aber kam das Flüstern eines sanften Windhauchs.	Johannes 4,24	Gott ist Geist, und die ihn anbeten, die müssen ihn im Geist und in der Wahrheit anbeten.
06.12.2019	Freitag		Psalm 68,20	Gelobt sei der Herr täglich. Gott legt uns eine Last auf, aber er hilft uns auch.	Römer 8,28	Wir wissen aber, dass denen, die Gott lieben, alle Dinge zum Besten dienen.
07.12.2019	Samstag		Psalm 43,3	Sende dein Licht und deine Wahrheit, dass sie mich leiten zu deiner Wohnung.	1. Johannes 1,5	Das ist die Botschaft, die wir von ihm gehört haben und euch verkündigen: Gott ist Licht, und in ihm ist keine Finsternis.
08.12.2019	Sonntag	2. Sonntag im Advent	Jesaja 58,11	Du wirst sein wie ein bewässerter Garten und wie eine Wasserquelle, der es nie an Wasser fehlt.	Johannes 7,38	/Jesus rief:/ Wer an mich glaubt, von dessen Leib werden, wie die Schrift sagt, Ströme lebendigen Wassers fließen.
09.12.2019	Montag		5. Mose 1,17	Ihr sollt beim Richten nicht die Person ansehen, sondern sollt den Kleinen hören wie den Großen und vor niemand euch scheuen; denn das Gericht ist Gottes.	Matthäus 7,2	Wie ihr richtet, werdet ihr gerichtet werden; und mit welchem Maß ihr messt, wird euch zugemessen werden.
10.12.2019	Dienstag		2. Mose 34,10	Der HERR sprach zu Mose: Das ganze Volk, in dessen Mitte du bist, soll des HERRN Werk sehen.	Matthäus 4,23	Jesus zog umher in ganz Galiläa, lehrte in ihren Synagogen und predigte das Evangelium von dem Reich und heilte alle Krankheiten und alle Gebrechen im Volk.
11.12.2019	Mittwoch		1. Mose 6,8	Noah fand Gnade vor dem HERRN.	Kolosser 2,6-7	Wie ihr nun angenommen habt den Herrn Christus Jesus, so lebt auch in ihm, verwurzelt und gegründet in ihm und fest im Glauben.
12.12.2019	Donnerstag		Prediger 4,17	Gib acht auf deine Füße, wenn du zum Hause Gottes gehst. Und tritt hinzu, um zu hören.	Matthäus 6,7	Wenn ihr betet, sollt ihr nicht viel plappern wie die Heiden; denn sie meinen, sie werden erhört, wenn sie viele Worte machen.
13.12.2019	Freitag		Psalm 94,14	Der HERR wird sein Volk nicht verstoßen noch sein Erbe verlassen.	Philipper 3,20	Wir sind Bürger im Himmel; woher wir auch erwarten den Heiland, den Herrn Jesus Christus.
14.12.2019	Samstag		Psalm 30,4	HERR, du hast mich heraufgeholt aus dem Totenreich, zum Leben mich zurückgerufen von denen, die hinab zur Grube fuhren.	Römer 6,23	Die Gabe Gottes aber ist das ewige Leben in Christus Jesus, unserm Herrn.
15.12.2019	Sonntag	3. Sonntag im Advent	Psalm 65,4	Zu schwer lasten unsere Vergehen auf uns, du allein kannst sie vergeben.	Lukas 1,76-78	/Zacharias sprach:/ Du, Kindlein, wirst Prophet des Höchsten heißen. Denn du wirst dem Herrn vorangehen, dass du seinen Weg bereitest und Erkenntnis des Heils gebest seinem Volk in der Vergebung ihrer Sünden, durch die herzliche Barmherzigkeit unseres Gottes, durch die uns besuchen wird das aufgehende Licht aus der Höhe.
16.12.2019	Montag		Jesaja 49,15	Bringt eine Mutter es fertig, ihren Säugling zu vergessen? Hat sie nicht Mitleid mit dem Kind, das sie in ihrem Leib getragen hat? Und selbst wenn sie es vergessen könnte, ich vergesse euch nicht!	Römer 8,38-39	Ich bin gewiss, dass weder Tod noch Leben, weder Engel noch Mächte noch Gewalten, weder Gegenwärtiges noch Zukünftiges, weder Hohes noch Tiefes noch irgendeine andere Kreatur uns scheiden kann von der Liebe Gottes, die in Christus Jesus ist, unserm Herrn.
17.12.2019	Dienstag		Hosea 2,21	Ich will mich mit dir verloben auf ewig, ich will mich mit dir verloben in Gerechtigkeit und Recht, in Gnade und Barmherzigkeit.	Johannes 3,16	Also hat Gott die Welt geliebt, dass er seinen eingeborenen Sohn gab, auf dass alle, die an ihn glauben, nicht verloren werden, sondern das ewige Leben haben.
18.12.2019	Mittwoch		Psalm 32,8	Ich will dich mit meinen Augen leiten.	Lukas 1,30	Der Engel sprach zu ihr: Fürchte dich nicht, Maria! Du hast Gnade bei Gott gefunden.
19.12.2019	Donnerstag		Psalm 121,1-2	Ich hebe meine Augen auf zu den Bergen. Woher kommt mir Hilfe? Meine Hilfe kommt vom HERRN, der Himmel und Erde gemacht hat.	Jakobus 5,8	Seid auch ihr geduldig und stärkt eure Herzen; denn das Kommen des Herrn ist nahe.
20.12.2019	Freitag		Jesaja 50,2	Ist mein Arm denn zu kurz, dass er nicht erlösen kann? Oder habe ich keine Kraft zu erretten?	Epheser 1,18-19	Gott gebe euch erleuchtete Augen des Herzens, damit ihr erkennt, zu welcher Hoffnung ihr von ihm berufen seid, wie reich die Herrlichkeit seines Erbes für die Heiligen ist und wie überschwänglich groß seine Kraft an uns ist.
21.12.2019	Samstag		Psalm 22,12	Sei nicht ferne von mir, denn Angst ist nahe; denn es ist hier kein Helfer.	Johannes 11,3	Die Schwestern sandten zu Jesus und ließen ihm sagen: Herr, siehe, der, den du lieb hast, liegt krank.
22.12.2019	Sonntag	4. Sonntag im Advent	5. Mose 15,10	Dein Herz soll sich’s nicht verdrießen lassen, dass du deinem armen Bruder gibst.	Philipper 4,5	Eure Güte lasst kund sein allen Menschen! Der Herr ist nahe!
23.12.2019	Montag		Jeremia 33,8	Ich will sie reinigen von aller Missetat, womit sie wider mich gesündigt haben, und will ihnen vergeben.	Matthäus 1,21	/Der Engel sprach zu Josef:/ Maria wird einen Sohn gebären, dem sollst du den Namen Jesus geben, denn er wird sein Volk retten von ihren Sünden.
24.12.2019	Dienstag	Heiliger Abend	Psalm 24,7	Machet die Tore weit und die Türen in der Welt hoch, dass der König der Ehre einziehe!	Johannes 19,5	Sehet, welch ein Mensch!
25.12.2019	Mittwoch	Weihnachtsfest	Jeremia 2,13	Mein Volk tut eine zwiefache Sünde: mich, die lebendige Quelle, verlassen sie und machen sich Zisternen, die doch rissig sind und das Wasser nicht halten.	1. Johannes 4,10	Darin besteht die Liebe: nicht dass wir Gott geliebt haben, sondern dass er uns geliebt hat und gesandt seinen Sohn zur Versöhnung für unsre Sünden.
26.12.2019	Donnerstag	2. Weihnachtstag	Richter 5,3	Hört zu, ihr Könige, merkt auf, ihr Fürsten! Ich will singen dem HERRN, ich will singen, will spielen dem HERRN, dem Gott Israels.	Lukas 2,17-18	Da die Hirten es aber gesehen hatten, breiteten sie das Wort aus, welches zu ihnen von diesem Kinde gesagt war. Und alle, vor die es kam, wunderten sich über die Rede, die ihnen die Hirten gesagt hatten.
27.12.2019	Freitag		Psalm 95,7-8	Wenn ihr doch heute auf seine Stimme hören wolltet: »Verstocket euer Herz nicht.«	Epheser 5,18	Lasst euch vom Geist erfüllen.
28.12.2019	Samstag		Hesekiel 34,27	Sie sollen erfahren, dass ich der HERR bin, wenn ich ihr Joch zerbrochen und sie errettet habe.	2. Korinther 3,17	Wo der Geist des Herrn ist, da ist Freiheit.
29.12.2019	Sonntag	1. Sonntag nach Weihnachten	Jesaja 40,30-31	Jünglinge werden müde und matt, und Männer straucheln und fallen; aber die auf den HERRN harren, kriegen neue Kraft, dass sie auffahren mit Flügeln wie Adler, dass sie laufen und nicht matt werden.	2. Timotheus 1,7	Gott hat uns nicht gegeben den Geist der Furcht, sondern der Kraft und der Liebe und der Besonnenheit.
30.12.2019	Montag		1. Samuel 17,47	Die Gemeinde werde inne, dass der HERR nicht durch Schwert oder Spieß hilft.	Jakobus 3,18	Die Frucht der Gerechtigkeit aber wird gesät in Frieden für die, die Frieden stiften.
31.12.2019	Dienstag	Altjahresabend	2. Mose 23,7	Halte dich ferne von einer Sache, bei der Lüge im Spiel ist.	Philipper 4,8	Was wahrhaftig ist, was ehrbar, was gerecht, was rein, was liebenswert, was einen guten Ruf hat, sei es eine Tugend, sei es ein Lob – darauf seid bedacht!
